City_ID,City,Country,Date,Lat,Lng,Max Temp,Humidity,Cloudiness,Wind Speed
0,Mar Del Plata,AR,2020-07-07 18:21:35,-38.0,-57.56,46.99,65,75,8.05
1,Punta Arenas,CL,2020-07-07 18:20:44,-53.15,-70.92,32.0,90,75,13.87
2,Cidreira,BR,2020-07-07 18:21:35,-30.18,-50.21,57.96,93,100,21.0
3,Sao Joao Da Barra,BR,2020-07-07 18:21:35,-21.64,-41.05,82.4,58,0,11.41
4,San Quintin,MX,2020-07-07 18:21:35,30.48,-115.95,75.42,60,0,13.2
5,Albany,US,2020-07-07 18:21:36,42.6,-73.97,82.0,56,77,1.99
6,Yellowknife,CA,2020-07-07 18:21:36,62.46,-114.35,59.0,67,75,16.11
7,Aleksandrovskiy Zavod,RU,2020-07-07 18:21:36,50.92,117.94,55.56,51,0,2.66
8,Guerrero Negro,MX,2020-07-07 18:21:36,27.98,-114.06,80.89,43,0,11.74
9,Mataura,NZ,2020-07-07 18:21:36,-46.19,168.86,39.0,83,70,3.0
10,Hobart,AU,2020-07-07 18:20:21,-42.88,147.33,35.01,84,28,5.82
11,Beroroha,MG,2020-07-07 18:21:37,-21.67,45.17,67.71,53,0,3.85
12,Nome,US,2020-07-07 18:21:11,64.5,-165.41,48.2,93,90,6.93
13,Bengkulu,ID,2020-07-07 18:21:37,-3.8,102.27,76.1,89,100,5.08
14,Saint George,US,2020-07-07 18:21:37,37.1,-113.58,98.01,6,1,4.7
15,Conde,BR,2020-07-07 18:21:37,-7.26,-34.91,82.4,69,40,13.87
16,Hilo,US,2020-07-07 18:21:37,19.73,-155.09,75.2,83,90,6.93
17,Nanortalik,GL,2020-07-07 18:18:55,60.14,-45.24,41.94,89,100,10.69
18,Thunder Bay,CA,2020-07-07 18:16:54,48.4,-89.32,80.6,51,40,11.41
19,Port Elizabeth,ZA,2020-07-07 18:21:37,-33.92,25.57,55.4,71,100,10.29
20,Sinnamary,GF,2020-07-07 18:20:21,5.38,-52.95,84.18,62,2,6.64
21,Busselton,AU,2020-07-07 18:21:38,-33.65,115.33,46.0,98,26,11.16
22,Hazorasp,UZ,2020-07-07 18:21:38,41.32,61.07,86.0,37,0,9.6
23,San Cristobal,VE,2020-07-07 18:21:38,7.77,-72.22,91.4,43,40,9.17
24,Chapadinha,BR,2020-07-07 18:21:38,-3.74,-43.36,83.75,70,28,2.75
25,Noumea,NC,2020-07-07 18:18:55,-22.28,166.46,69.01,100,90,5.82
26,New Norfolk,AU,2020-07-07 18:21:38,-42.78,147.06,35.01,90,25,2.26
27,Kapaa,US,2020-07-07 18:18:15,22.08,-159.32,80.6,78,75,14.99
28,Havre-Saint-Pierre,CA,2020-07-07 18:21:39,50.23,-63.6,68.0,64,1,10.29
29,Grand Gaube,MU,2020-07-07 18:21:39,-20.01,57.66,72.0,87,5,8.99
30,Bontang,ID,2020-07-07 18:21:39,0.13,117.5,77.54,85,84,3.11
31,Lebu,CL,2020-07-07 18:21:39,-37.62,-73.65,48.43,86,97,25.41
32,Itarema,BR,2020-07-07 18:21:39,-2.92,-39.92,82.53,71,20,9.55
33,Vaini,TO,2020-07-07 18:21:39,-21.2,-175.2,75.2,94,90,3.36
34,Noginsk,RU,2020-07-07 18:21:39,55.87,38.44,72.0,68,4,8.95
35,Bluff,NZ,2020-07-07 18:21:40,-46.6,168.33,39.0,83,63,3.0
36,Katsuura,JP,2020-07-07 18:21:40,35.13,140.3,79.0,93,96,8.99
37,Jati,PK,2020-07-07 18:21:40,24.35,68.27,87.82,69,100,18.05
38,Tuktoyaktuk,CA,2020-07-07 18:21:40,69.45,-133.04,37.4,86,75,9.17
39,Kaka,TM,2020-07-07 18:21:40,37.35,59.61,80.11,17,0,2.08
40,Arraial Do Cabo,BR,2020-07-07 18:16:57,-22.97,-42.03,80.6,73,0,14.99
41,Cabo San Lucas,MX,2020-07-07 18:21:40,22.89,-109.91,91.4,49,20,6.93
42,Marawi,PH,2020-07-07 18:21:41,8.0,124.29,77.0,90,95,5.01
43,Rikitea,PF,2020-07-07 18:21:41,-23.12,-134.97,70.32,80,96,8.75
44,Saskylakh,RU,2020-07-07 18:21:41,71.92,114.08,46.65,78,20,7.83
45,Pevek,RU,2020-07-07 18:21:41,69.7,170.31,44.82,74,0,2.24
46,Leningradskiy,RU,2020-07-07 18:21:41,69.38,178.42,44.92,76,82,5.01
47,Carnarvon,AU,2020-07-07 18:21:41,-24.87,113.63,60.8,82,3,13.87
48,Sur,OM,2020-07-07 18:21:42,22.57,59.53,87.6,70,17,10.33
49,Usinsk,RU,2020-07-07 18:21:42,65.99,57.53,69.28,67,37,6.02
50,Ushuaia,AR,2020-07-07 18:21:42,-54.8,-68.3,39.2,60,75,11.41
51,Acarau,BR,2020-07-07 18:17:51,-2.89,-40.12,83.26,69,26,10.38
52,Sola,VU,2020-07-07 18:21:42,-13.88,167.55,80.6,83,90,11.41
53,Rawson,AR,2020-07-07 18:18:43,-43.3,-65.1,45.32,69,13,27.29
54,Makat,KZ,2020-07-07 18:21:42,47.65,53.35,92.43,17,51,12.48
55,Mahebourg,MU,2020-07-07 18:21:42,-20.41,57.7,71.6,94,75,11.41
56,Salalah,OM,2020-07-07 18:21:43,17.02,54.09,82.4,88,40,2.24
57,Oktyabrskoye,RU,2020-07-07 18:21:43,43.06,44.74,82.0,50,0,8.95
58,Cape Town,ZA,2020-07-07 18:21:43,-33.93,18.42,55.0,71,0,8.05
59,Eureka,US,2020-07-07 18:19:19,40.8,-124.16,66.99,25,5,5.01
60,Abha,SA,2020-07-07 18:21:43,18.22,42.51,71.6,64,97,2.01
61,Torbay,CA,2020-07-07 18:21:43,47.67,-52.73,62.01,62,20,6.93
62,Laranjeiras Do Sul,BR,2020-07-07 18:21:43,-25.41,-52.42,71.28,72,3,12.33
63,Soyo,AO,2020-07-07 18:21:43,-6.13,12.37,73.31,78,0,9.62
64,Tasiilaq,GL,2020-07-07 18:21:44,65.61,-37.64,46.4,65,40,8.05
65,Zhigansk,RU,2020-07-07 18:21:44,66.77,123.37,49.05,70,0,9.51
66,Castro,BR,2020-07-07 18:21:44,-24.79,-50.01,71.08,62,42,11.99
67,Port Lincoln,AU,2020-07-07 18:21:44,-34.73,135.87,49.33,65,0,10.45
68,Bethel,US,2020-07-07 18:18:54,41.37,-73.41,72.0,83,90,9.17
69,Jamestown,US,2020-07-07 18:20:47,42.1,-79.24,84.2,51,40,11.41
70,Torremolinos,ES,2020-07-07 18:21:44,36.62,-4.5,86.0,51,0,9.17
71,Antalaha,MG,2020-07-07 18:17:05,-14.9,50.28,72.52,91,97,9.13
72,Port Alfred,ZA,2020-07-07 18:21:45,-33.59,26.89,55.99,78,100,3.0
73,Uren,RU,2020-07-07 18:21:45,57.46,45.79,73.17,85,17,6.02
74,Butaritari,KI,2020-07-07 18:21:45,3.07,172.79,82.47,77,25,12.3
75,Victoria,HK,2020-07-07 18:19:28,22.29,114.16,84.0,79,95,11.01
76,Aichach,DE,2020-07-07 18:21:45,48.46,11.13,66.99,42,0,2.24
77,San Patricio,MX,2020-07-07 18:21:45,19.22,-104.7,91.4,70,40,6.93
78,Berlevag,NO,2020-07-07 18:21:45,70.86,29.09,51.8,76,75,4.7
79,Mount Isa,AU,2020-07-07 18:21:45,-20.73,139.5,57.2,30,4,5.82
80,Pimentel,PE,2020-07-07 18:21:46,-6.84,-79.93,68.0,68,90,17.22
81,Milwaukie,US,2020-07-07 18:21:46,45.45,-122.64,64.0,77,90,3.36
82,Urumqi,CN,2020-07-07 18:19:31,43.8,87.6,69.8,56,0,6.71
83,Flin Flon,CA,2020-07-07 18:21:46,54.77,-101.86,77.0,38,40,11.41
84,North Adams,US,2020-07-07 18:20:37,42.7,-73.11,78.8,61,90,5.82
85,Cherskiy,RU,2020-07-07 18:21:46,68.75,161.3,58.62,57,1,4.45
86,Khatanga,RU,2020-07-07 18:21:46,71.97,102.5,47.93,73,8,15.26
87,Kamenka,RU,2020-07-07 18:21:46,51.32,42.77,84.0,31,20,9.46
88,Alice Springs,AU,2020-07-07 18:21:46,-23.7,133.88,35.6,74,0,5.82
89,Ilulissat,GL,2020-07-07 18:21:47,69.22,-51.1,42.8,93,75,9.17
90,Hermanus,ZA,2020-07-07 18:21:47,-34.42,19.23,45.0,91,0,3.11
91,Severo-Kurilsk,RU,2020-07-07 18:17:44,50.68,156.12,51.46,87,0,8.05
92,Aswan,EG,2020-07-07 18:21:47,24.09,32.91,93.96,11,0,10.45
93,Barrow,US,2020-07-07 18:18:37,71.29,-156.79,37.4,86,90,12.75
94,Petauke,ZM,2020-07-07 18:19:03,-14.24,31.33,62.69,54,62,4.79
95,Udachnyy,RU,2020-07-07 18:21:47,66.42,112.4,46.4,93,90,6.71
96,Staryy Nadym,RU,2020-07-07 18:21:06,65.61,72.68,71.24,66,98,14.25
97,Genhe,CN,2020-07-07 18:21:47,50.78,121.52,50.99,68,47,2.17
98,San Luis,AR,2020-07-07 18:19:12,-33.3,-66.34,51.39,45,85,5.66
99,Costinesti,RO,2020-07-07 18:21:48,43.95,28.63,66.2,93,75,25.28
100,Cherkasy,UA,2020-07-07 18:17:07,49.43,32.06,68.94,89,49,15.03
101,Edd,ER,2020-07-07 18:21:48,13.93,41.69,89.37,63,87,9.91
102,Kieta,PG,2020-07-07 18:21:48,-6.22,155.63,78.82,77,58,3.36
103,Fort-Shevchenko,KZ,2020-07-07 18:21:48,44.51,50.26,84.76,47,0,3.78
104,Thompson,CA,2020-07-07 18:20:01,55.74,-97.86,77.0,36,40,14.99
105,Ribeira Grande,PT,2020-07-07 18:21:48,38.52,-28.7,75.2,64,20,5.82
106,Namatanai,PG,2020-07-07 18:21:48,-3.67,152.43,78.46,82,10,7.34
107,Tautira,PF,2020-07-07 18:21:49,-17.73,-149.15,77.0,83,40,2.24
108,Qaanaaq,GL,2020-07-07 18:21:49,77.48,-69.36,47.17,55,0,1.16
109,Bredasdorp,ZA,2020-07-07 18:21:49,-34.53,20.04,46.4,87,0,2.24
110,Hithadhoo,MV,2020-07-07 18:21:49,-0.6,73.08,84.4,76,92,9.42
111,Zheleznodorozhnyy,RU,2020-07-07 18:21:49,55.75,38.0,72.0,68,0,8.95
112,Makhalino,RU,2020-07-07 18:20:05,53.09,46.22,74.39,65,0,6.91
113,Riyadh,SA,2020-07-07 18:20:55,24.69,46.72,104.0,10,56,9.17
114,Jamu Mare,RO,2020-07-07 18:21:50,45.25,21.42,64.4,59,59,5.82
115,Puerto Ayora,EC,2020-07-07 18:21:50,-0.74,-90.35,72.0,85,98,7.0
116,Anqing,CN,2020-07-07 18:21:50,30.51,117.05,75.2,93,98,0.94
117,Bilma,NE,2020-07-07 18:21:50,18.69,12.92,96.33,16,7,8.03
118,Codrington,AU,2020-07-07 18:21:50,-38.27,141.97,46.09,87,88,6.71
119,Ambon,ID,2020-07-07 18:21:51,-3.7,128.18,78.57,85,74,13.22
120,Nuuk,GL,2020-07-07 18:21:51,64.18,-51.72,41.0,100,75,12.75
121,Ponta Do Sol,PT,2020-07-07 18:21:51,32.67,-17.1,75.0,71,3,3.33
122,Qui Nhon,VN,2020-07-07 18:21:51,13.77,109.23,79.63,85,61,9.15
123,Bambari,CF,2020-07-07 18:21:51,5.77,20.68,71.87,92,99,0.67
124,Fortuna,US,2020-07-07 18:21:51,40.6,-124.16,66.99,59,1,17.22
125,San Jose,US,2020-07-07 18:17:21,37.34,-121.89,75.0,37,1,3.36
126,Comodoro Rivadavia,AR,2020-07-07 18:18:28,-45.87,-67.5,41.0,65,18,10.29
127,Atuona,PF,2020-07-07 18:21:51,-9.8,-139.03,78.94,77,38,12.19
128,Upernavik,GL,2020-07-07 18:21:52,72.79,-56.15,45.64,65,46,8.1
129,Wana,PK,2020-07-07 18:21:52,32.3,69.57,84.18,35,1,1.3
130,Egvekinot,RU,2020-07-07 18:21:52,66.32,-179.17,41.11,99,100,3.44
131,Aquiraz,BR,2020-07-07 18:21:52,-3.9,-38.39,86.0,51,20,13.87
132,Bambous Virieux,MU,2020-07-07 18:17:43,-20.34,57.76,72.0,94,75,11.41
133,Lodi,US,2020-07-07 18:21:52,38.13,-121.27,73.0,52,0,3.0
134,Avarua,CK,2020-07-07 18:21:52,-21.21,-159.78,71.6,78,74,10.29
135,Lahij,YE,2020-07-07 18:21:52,13.17,44.58,88.56,46,63,5.68
136,Aksu,CN,2020-07-07 18:21:53,41.12,80.26,78.87,16,0,5.7
137,Oranjemund,NA,2020-07-07 18:21:53,-28.55,16.43,57.22,75,0,30.53
138,Port Hawkesbury,CA,2020-07-07 18:21:22,45.62,-61.35,72.0,49,1,9.17
139,Suntar,RU,2020-07-07 18:21:53,62.14,117.63,50.7,74,27,5.08
140,Orissaare,EE,2020-07-07 18:21:53,58.56,23.08,60.8,77,8,8.05
141,Kandrian,PG,2020-07-07 18:21:53,-6.22,149.55,78.37,86,86,13.51
142,Ancud,CL,2020-07-07 18:21:53,-41.87,-73.82,43.0,100,90,12.75
143,Karratha,AU,2020-07-07 18:21:54,-20.74,116.85,64.29,48,0,7.18
144,Norman Wells,CA,2020-07-07 18:21:54,65.28,-126.83,55.4,71,75,11.41
145,Bud,US,2020-07-07 18:17:40,39.45,-86.18,91.0,58,5,3.51
146,Buala,SB,2020-07-07 18:21:54,-8.14,159.59,79.93,82,17,6.71
147,Broome,US,2020-07-07 18:21:54,42.25,-75.83,82.0,69,90,10.29
148,Qixia,CN,2020-07-07 18:21:54,37.3,120.83,73.99,91,0,1.92
149,Pudozh,RU,2020-07-07 18:21:54,61.81,36.53,59.65,85,100,1.36
150,Williams Lake,CA,2020-07-07 18:21:55,52.14,-122.14,51.8,87,90,8.05
151,East London,ZA,2020-07-07 18:21:55,-33.02,27.91,61.93,60,99,10.78
152,Esperance,AU,2020-07-07 18:21:55,-33.87,121.9,53.6,76,90,14.99
153,Tiksi,RU,2020-07-07 18:21:55,71.69,128.87,33.76,96,100,5.12
154,Businga,CD,2020-07-07 18:21:55,3.33,20.88,71.4,93,84,2.26
155,Hofn,IS,2020-07-07 18:21:55,64.25,-15.21,52.2,78,46,6.73
156,Vila Franca Do Campo,PT,2020-07-07 18:21:55,37.72,-25.43,71.6,73,75,12.75
157,Nikolskoye,RU,2020-07-07 18:21:55,59.7,30.79,64.99,59,40,4.47
158,Kutum,SD,2020-07-07 18:21:55,14.2,24.67,85.17,29,81,13.6
159,Nova Granada,BR,2020-07-07 18:21:56,-20.53,-49.31,84.2,21,0,10.29
160,Langsa,ID,2020-07-07 18:21:56,4.47,97.97,76.14,82,100,2.21
161,Eqbaliyeh,IR,2020-07-07 18:21:56,35.3,51.54,86.0,23,0,6.93
162,Cordoba,AR,2020-07-07 18:18:27,-31.41,-64.18,50.0,65,75,6.93
163,Kudahuvadhoo,MV,2020-07-07 18:21:56,2.67,72.89,84.02,73,62,7.23
164,La Asuncion,VE,2020-07-07 18:21:56,11.03,-63.86,84.2,74,32,4.7
165,Pacific Grove,US,2020-07-07 18:21:56,36.62,-121.92,64.99,63,20,8.05
166,Tahta,EG,2020-07-07 18:21:56,26.77,31.5,100.4,11,0,17.22
167,Saint-Philippe,RE,2020-07-07 18:20:01,-21.36,55.77,71.6,88,40,17.22
168,Egersund,NO,2020-07-07 18:21:57,58.45,6.0,54.0,77,0,5.01
169,Yulara,AU,2020-07-07 18:21:57,-25.24,130.99,39.2,60,0,6.93
170,Zhizdra,RU,2020-07-07 18:21:57,53.75,34.74,63.14,91,60,6.35
171,Storforshei,NO,2020-07-07 18:21:57,66.4,14.52,55.4,54,75,9.17
172,Chadan,RU,2020-07-07 18:21:57,51.28,91.58,58.71,78,82,3.02
173,Vanimo,PG,2020-07-07 18:21:57,-2.67,141.3,78.37,78,99,5.68
174,Pirgos,GR,2020-07-07 18:21:57,35.12,25.72,77.0,72,4,3.0
175,Huilong,CN,2020-07-07 18:21:58,31.81,121.66,82.0,97,40,4.34
176,Motihari,IN,2020-07-07 18:21:58,26.65,84.92,84.42,78,94,8.84
177,Georgetown,MY,2020-07-07 18:21:17,5.41,100.34,77.0,94,40,3.36
178,Iqaluit,CA,2020-07-07 18:21:58,63.75,-68.51,44.6,87,75,8.05
179,Husavik,IS,2020-07-07 18:21:58,66.04,-17.34,53.6,62,14,14.99
180,Southbridge,US,2020-07-07 18:21:58,42.08,-72.03,79.0,63,43,11.01
181,Gafanha Da Encarnacao,PT,2020-07-07 18:21:59,40.62,-8.73,84.99,74,3,4.56
182,Talnakh,RU,2020-07-07 18:21:59,69.49,88.4,55.4,76,1,8.95
183,Manzanillo,CU,2020-07-07 18:21:59,20.34,-77.12,90.52,56,35,1.63
184,Caravelas,BR,2020-07-07 18:21:59,-17.71,-39.25,77.85,65,0,8.1
185,Port Blair,IN,2020-07-07 18:21:59,11.67,92.75,81.64,80,100,7.67
186,Severo-Yeniseyskiy,RU,2020-07-07 18:21:59,60.37,93.04,53.92,98,46,4.74
187,Beloha,MG,2020-07-07 18:21:59,-25.17,45.05,62.92,92,0,7.65
188,La Ronge,CA,2020-07-07 18:22:00,55.1,-105.28,71.6,56,75,9.17
189,Lieksa,FI,2020-07-07 18:22:00,63.32,30.02,61.02,70,99,11.92
190,Hanover,DE,2020-07-07 18:22:00,52.37,9.73,61.0,72,20,4.7
191,Viedma,AR,2020-07-07 18:21:22,-40.81,-63.0,47.37,56,62,12.48
192,Morondava,MG,2020-07-07 18:22:00,-20.28,44.28,72.64,69,0,9.98
193,Shache,CN,2020-07-07 18:22:00,38.42,77.24,81.34,15,75,6.58
194,Sibu,MY,2020-07-07 18:22:00,2.3,111.82,77.0,94,40,1.48
195,Tilichiki,RU,2020-07-07 18:22:01,60.47,166.1,47.66,92,18,4.12
196,Labuhan,ID,2020-07-07 18:22:01,-6.88,112.21,76.42,86,80,8.08
197,Vokhtoga,RU,2020-07-07 18:22:01,58.81,41.05,70.57,94,1,4.83
198,Ust-Nera,RU,2020-07-07 18:22:01,64.57,143.2,53.65,59,32,4.25
199,Kahului,US,2020-07-07 18:22:01,20.89,-156.47,82.4,58,20,14.99
200,Tsabong,BW,2020-07-07 18:22:01,-26.02,22.4,58.48,30,0,7.67
201,Gayeri,BF,2020-07-07 18:22:01,12.65,0.49,97.45,32,38,10.45
202,Waipawa,NZ,2020-07-07 18:22:02,-41.41,175.52,50.0,76,74,11.41
203,Nowy Targ,PL,2020-07-07 18:22:02,49.48,20.03,59.0,58,20,6.93
204,Ternate,ID,2020-07-07 18:22:02,0.8,127.4,80.1,78,87,5.19
205,Tura,IN,2020-07-07 18:19:08,25.52,90.22,76.82,97,100,8.03
206,Leshukonskoye,RU,2020-07-07 18:22:02,64.9,45.76,59.11,73,99,2.15
207,Curup,ID,2020-07-07 18:22:02,-3.47,102.53,67.98,92,100,3.58
208,Monrovia,LR,2020-07-07 18:18:19,6.3,-10.8,80.6,83,75,8.05
209,Provideniya,RU,2020-07-07 18:22:02,64.38,-173.3,43.29,94,100,5.88
210,Cabedelo,BR,2020-07-07 18:22:02,-6.98,-34.83,82.4,69,40,13.87
211,Goure,NE,2020-07-07 18:22:03,13.98,10.27,84.99,51,38,8.99
212,Poya,NC,2020-07-07 18:22:03,-21.35,165.15,63.34,83,13,7.0
213,Achern,DE,2020-07-07 18:22:03,48.63,8.08,75.0,35,3,3.36
214,Kondopoga,RU,2020-07-07 18:22:03,62.21,34.26,66.2,72,20,2.24
215,Port Hardy,CA,2020-07-07 18:22:03,50.7,-127.42,59.0,77,75,4.7
216,Puerto Del Rosario,ES,2020-07-07 18:22:03,28.5,-13.86,87.8,52,0,13.87
217,Kodiak,US,2020-07-07 18:22:03,57.79,-152.41,57.2,87,90,3.36
218,Mogadishu,SO,2020-07-07 18:18:12,2.04,45.34,78.64,82,83,17.4
219,Jackson,US,2020-07-07 18:19:08,42.42,-122.83,69.01,48,40,3.36
220,Gushikawa,JP,2020-07-07 18:22:04,26.35,127.87,82.4,88,75,9.17
221,Dingle,PH,2020-07-07 18:22:04,11.0,122.67,78.03,87,72,6.08
222,Kaeo,NZ,2020-07-07 18:22:04,-35.1,173.78,48.99,3,35,8.99
223,Agadez,NE,2020-07-07 18:22:04,19.75,10.25,94.71,10,0,6.69
224,Trinidad,BO,2020-07-07 18:22:04,-14.83,-64.9,80.6,83,40,6.93
225,Lompoc,US,2020-07-07 18:22:04,34.64,-120.46,68.0,63,0,11.41
226,Vilhena,BR,2020-07-07 18:22:04,-12.74,-60.15,87.8,40,20,8.05
227,Martinsburg,US,2020-07-07 18:17:13,39.46,-77.96,84.0,74,90,8.05
228,Mount Gambier,AU,2020-07-07 18:22:05,-37.83,140.77,35.6,100,75,3.36
229,Isangel,VU,2020-07-07 18:22:05,-19.55,169.27,70.68,77,100,12.21
230,Gorontalo,ID,2020-07-07 18:22:05,0.54,123.06,74.7,87,98,2.28
231,Nemuro,JP,2020-07-07 18:22:05,43.32,145.57,59.13,99,100,6.73
232,Gunjur,GM,2020-07-07 18:22:05,13.2,-16.73,87.8,70,40,6.93
233,Ayan,RU,2020-07-07 18:22:05,56.45,138.17,48.13,90,100,7.99
234,Izumo,JP,2020-07-07 18:22:05,35.37,132.77,71.6,100,75,3.36
235,Geraldton,AU,2020-07-07 18:19:58,-28.77,114.6,53.6,93,75,4.7
236,Yuanping,CN,2020-07-07 18:22:06,38.72,112.76,68.32,79,73,1.43
237,Waingapu,ID,2020-07-07 18:22:06,-9.66,120.26,74.64,85,43,11.16
238,Port Macquarie,AU,2020-07-07 18:19:32,-31.43,152.92,53.6,93,90,5.82
239,Almeirim,BR,2020-07-07 18:22:06,-1.52,-52.58,89.38,51,3,2.93
240,Birsk,RU,2020-07-07 18:22:06,55.42,55.54,69.3,85,0,3.51
241,Birin,NP,2020-07-07 18:22:06,26.89,88.07,80.6,88,75,1.12
242,Hualmay,PE,2020-07-07 18:22:06,-11.1,-77.61,67.1,66,62,13.58
243,Kavieng,PG,2020-07-07 18:22:06,-2.57,150.8,82.02,80,4,14.14
244,Airai,TL,2020-07-07 18:22:07,-8.93,125.41,55.17,100,79,4.14
245,Constitucion,CL,2020-07-07 18:22:07,-35.33,-72.42,54.21,68,73,16.22
246,Pisco,PE,2020-07-07 18:22:07,-13.7,-76.22,69.01,68,13,11.41
247,Bandarbeyla,SO,2020-07-07 18:22:07,9.49,50.81,80.42,72,0,25.72
248,Narsaq,GL,2020-07-07 18:22:07,60.92,-46.05,50.0,66,75,5.82
249,Mugur-Aksy,RU,2020-07-07 18:22:07,50.35,90.5,51.75,73,84,5.21
250,Chuy,UY,2020-07-07 18:22:07,-33.7,-53.46,53.31,63,66,11.77
251,Lafia,NG,2020-07-07 18:22:07,8.48,8.52,78.19,80,89,5.37
252,North Bend,US,2020-07-07 18:21:30,43.41,-124.22,69.01,63,90,9.17
253,Spearfish,US,2020-07-07 18:20:29,44.49,-103.86,82.0,51,33,3.0
254,Sabzevar,IR,2020-07-07 18:22:08,36.21,57.68,77.68,18,10,10.6
255,Kaitangata,NZ,2020-07-07 18:22:08,-46.28,169.85,39.0,75,86,5.01
256,Burnie,AU,2020-07-07 18:22:08,-41.07,145.92,43.0,73,72,4.0
257,Dikson,RU,2020-07-07 18:22:08,73.51,80.55,51.28,66,58,14.27
258,Canico,PT,2020-07-07 18:22:08,32.63,-16.85,75.2,78,20,12.75
259,Muravlenko,RU,2020-07-07 18:22:08,63.79,74.52,70.3,66,83,11.9
260,San Policarpo,PH,2020-07-07 18:22:08,12.18,125.51,82.02,79,95,4.56
261,Kavaratti,IN,2020-07-07 18:22:08,10.57,72.64,83.37,81,100,17.78
262,Otse,BW,2020-07-07 18:22:09,-25.02,25.73,57.2,28,0,8.05
263,Nicoya,CR,2020-07-07 18:22:09,10.15,-85.45,91.4,52,40,13.87
264,Prince Rupert,CA,2020-07-07 18:22:09,54.32,-130.32,57.2,82,90,4.7
265,Magdagachi,RU,2020-07-07 18:20:22,53.45,125.8,55.67,66,48,2.51
266,Lavrentiya,RU,2020-07-07 18:22:09,65.58,-171.0,44.73,86,60,6.8
267,Vila Velha,BR,2020-07-07 18:22:09,-20.33,-40.29,80.6,61,20,11.41
268,Ocean City,US,2020-07-07 18:21:24,39.28,-74.57,89.01,62,75,11.41
269,Oktyabrskiy,RU,2020-07-07 18:22:09,54.48,53.47,70.45,86,0,5.64
270,Muros,ES,2020-07-07 18:22:10,42.78,-9.06,79.0,57,1,5.99
271,Lobito,AO,2020-07-07 18:22:10,-12.35,13.55,70.29,83,0,3.94
272,Nueva Concepcion,GT,2020-07-07 18:22:10,14.2,-91.3,89.6,58,20,6.93
273,Mao,ES,2020-07-07 18:22:10,39.89,4.27,78.8,61,40,5.82
274,Avera,US,2020-07-07 18:22:10,33.19,-82.53,84.2,79,90,10.29
275,Zapolyarnyy,RU,2020-07-07 18:22:10,69.42,30.81,59.0,77,40,13.87
276,Richards Bay,ZA,2020-07-07 18:22:10,-28.78,32.04,69.19,66,26,17.09
277,Valladolid,ES,2020-07-07 18:22:11,41.58,-4.67,93.99,9,0,10.29
278,Coquimbo,CL,2020-07-07 18:17:53,-29.95,-71.34,60.8,59,20,12.75
279,Otjimbingwe,NA,2020-07-07 18:22:11,-22.35,16.13,57.38,40,0,1.54
280,Laguna,US,2020-07-07 18:22:11,38.42,-121.42,75.99,38,1,3.36
281,Miyako,JP,2020-07-07 18:22:11,39.64,141.95,70.41,91,100,5.91
282,Hvolsvollur,IS,2020-07-07 18:22:11,63.75,-20.22,57.99,76,83,14.99
283,Arcachon,FR,2020-07-07 18:22:11,44.59,-1.05,78.01,56,59,10.29
284,Praya,CV,2020-07-07 18:22:12,14.92,-23.51,82.4,74,75,13.87
285,Itanhem,BR,2020-07-07 18:22:12,-17.17,-40.33,77.76,62,46,7.94
286,Dongsheng,CN,2020-07-07 18:22:12,39.82,109.98,72.82,54,37,15.9
287,Bathsheba,BB,2020-07-07 18:21:39,13.22,-59.52,87.8,70,40,11.41
288,Peniche,PT,2020-07-07 18:22:12,39.36,-9.38,71.01,85,35,8.01
289,Lloydminster,CA,2020-07-07 18:21:44,53.28,-110.0,71.6,60,75,13.87
290,Gazojak,TM,2020-07-07 18:22:12,41.19,61.4,87.35,17,0,10.02
291,Chokurdakh,RU,2020-07-07 18:22:12,70.63,147.92,38.61,92,99,10.11
292,Havoysund,NO,2020-07-07 18:22:12,71.0,24.66,53.6,71,75,12.75
293,Taoudenni,ML,2020-07-07 18:22:12,22.68,-3.98,116.55,5,17,13.58
294,Grand-Santi,GF,2020-07-07 18:22:13,4.25,-54.38,91.6,41,43,3.22
295,Saint Anthony,US,2020-07-07 18:18:10,45.02,-93.22,82.99,69,1,6.93
296,Magnitka,RU,2020-07-07 18:22:13,55.35,59.7,65.32,88,16,1.23
297,Namibe,AO,2020-07-07 18:22:13,-15.2,12.15,69.49,65,0,5.14
298,Acapulco,MX,2020-07-07 18:22:13,16.86,-99.89,89.6,59,90,13.87
299,Mayuge,UG,2020-07-07 18:19:32,0.46,33.48,65.5,86,67,2.71
300,Klaksvik,FO,2020-07-07 18:22:14,62.23,-6.59,50.0,81,26,12.75
301,Loreto,MX,2020-07-07 18:22:14,22.27,-101.97,78.8,29,2,1.21
302,Vao,NC,2020-07-07 18:21:55,-22.67,167.48,68.61,67,8,14.88
303,Otukpo,NG,2020-07-07 18:22:14,7.19,8.13,74.52,93,94,7.2
304,Paamiut,GL,2020-07-07 18:22:14,61.99,-49.67,40.05,94,100,7.02
305,Minot,US,2020-07-07 18:22:14,48.23,-101.3,82.4,45,20,11.41
306,Iralaya,HN,2020-07-07 18:22:14,15.0,-83.23,89.6,75,75,9.17
307,Beyneu,KZ,2020-07-07 18:22:15,45.32,55.2,92.93,17,9,11.86
308,Camacha,PT,2020-07-07 18:22:15,33.08,-16.33,71.6,73,75,14.99
309,Vsetin,CZ,2020-07-07 18:22:15,49.34,18.0,64.99,63,20,1.12
310,Lexington,US,2020-07-07 18:18:25,37.99,-84.48,89.6,58,20,1.34
311,Santa Pola,ES,2020-07-07 18:22:15,38.19,-0.57,84.2,48,0,6.93
312,Yevsino,RU,2020-07-07 18:22:15,54.42,83.32,59.4,90,62,4.43
313,Larreynaga,NI,2020-07-07 18:22:15,12.68,-86.57,87.8,62,40,4.7
314,Rocha,UY,2020-07-07 18:21:15,-34.48,-54.33,50.67,65,85,10.87
315,Henties Bay,NA,2020-07-07 18:22:15,-22.12,14.28,57.99,87,0,1.01
316,Hokitika,NZ,2020-07-07 18:22:16,-42.72,170.97,46.42,75,97,2.28
317,Lata,PT,2020-07-07 18:22:16,40.16,-8.33,86.0,50,44,5.01
318,Kailua,US,2020-07-07 18:22:16,21.4,-157.74,78.8,74,40,12.75
319,Baykit,RU,2020-07-07 18:22:16,61.67,96.37,59.36,89,100,1.88
320,Pahrump,US,2020-07-07 18:17:23,36.21,-115.98,95.0,6,0,11.01
321,Zhengjiatun,CN,2020-07-07 18:22:16,43.51,123.51,64.85,54,0,5.44
322,Inirida,CO,2020-07-07 18:22:16,3.87,-67.92,86.65,62,81,2.89
323,Wakkanai,JP,2020-07-07 18:22:16,45.41,141.67,63.14,96,95,3.98
324,Salym,RU,2020-07-07 18:22:17,60.06,71.48,66.51,73,20,2.95
325,Prieska,ZA,2020-07-07 18:22:17,-29.66,22.75,54.9,40,93,9.42
326,Auki,SB,2020-07-07 18:22:17,-8.77,160.7,77.65,86,63,3.4
327,Ligayan,PH,2020-07-07 18:22:17,4.65,119.47,82.96,74,67,5.28
328,Banda Aceh,ID,2020-07-07 18:22:17,5.56,95.32,78.78,78,100,7.94
329,Yerbogachen,RU,2020-07-07 18:22:17,61.28,108.01,52.74,92,100,5.1
330,Kathu,TH,2020-07-07 18:22:17,7.92,98.33,84.0,100,75,2.24
331,Porbandar,IN,2020-07-07 18:22:17,21.64,69.61,80.15,92,100,23.6
332,Buchanan,LR,2020-07-07 18:22:17,5.88,-10.05,80.6,83,75,8.05
333,Pundaguitan,PH,2020-07-07 18:22:18,6.37,126.17,82.6,73,94,6.53
334,Sangar,RU,2020-07-07 18:22:18,63.92,127.47,49.32,62,10,0.56
335,Keetmanshoop,NA,2020-07-07 18:22:18,-26.58,18.13,60.8,31,29,8.05
336,Anadyr,RU,2020-07-07 18:22:18,64.75,177.48,48.2,93,75,4.47
337,Dalbandin,PK,2020-07-07 18:22:18,28.89,64.41,90.55,12,17,3.6
338,Raga,SS,2020-07-07 18:22:18,8.46,25.68,72.37,90,74,2.44
339,Sao Filipe,CV,2020-07-07 18:22:18,14.9,-24.5,74.79,82,33,6.6
340,Pangai,TO,2020-07-07 18:22:18,-19.8,-174.35,77.0,88,75,5.82
341,Kununurra,AU,2020-07-07 18:22:19,-15.77,128.73,55.4,30,25,10.2
342,Paris,FR,2020-07-07 18:19:33,48.85,2.35,79.0,31,0,9.17
343,Suez,EG,2020-07-07 18:22:19,29.97,32.53,85.14,34,0,12.06
344,Omboue,GA,2020-07-07 18:21:40,-1.57,9.26,73.15,83,54,7.49
345,Lamu,KE,2020-07-07 18:22:19,-2.27,40.9,78.8,83,1,10.29
346,Sitka,US,2020-07-07 18:22:19,57.05,-135.33,55.4,82,90,5.82
347,Hambantota,LK,2020-07-07 18:22:19,6.12,81.12,81.45,77,90,17.47
348,Akyab,MM,2020-07-07 18:22:20,20.15,92.9,82.83,85,97,10.02
349,Kangaatsiaq,GL,2020-07-07 18:22:20,68.31,-53.46,39.65,92,99,17.67
350,Pasni,PK,2020-07-07 18:22:20,25.26,63.47,85.75,86,99,2.37
351,Golden,US,2020-07-07 18:20:44,39.76,-105.22,96.01,10,40,9.17
352,Guinabsan,PH,2020-07-07 18:22:20,8.9,125.42,74.28,89,100,3.85
353,Castlegar,CA,2020-07-07 18:22:20,49.3,-117.67,61.0,81,86,1.01
354,Sibolga,ID,2020-07-07 18:20:33,1.74,98.78,76.93,84,100,2.01
355,Gombe,NG,2020-07-07 18:22:20,10.29,11.17,82.67,63,54,7.31
356,Makakilo City,US,2020-07-07 18:20:11,21.35,-158.09,80.6,65,1,5.82
357,Ponta Delgada,PT,2020-07-07 18:22:21,37.73,-25.67,71.6,73,75,12.75
358,Iquitos,PE,2020-07-07 18:19:16,-3.75,-73.25,84.2,70,40,3.36
359,Isiro,CD,2020-07-07 18:22:21,2.77,27.62,68.13,91,75,1.36
360,Chitose,JP,2020-07-07 18:22:21,42.82,141.65,68.0,100,75,4.7
361,Terenos,BR,2020-07-07 18:22:21,-20.44,-54.86,86.0,37,40,21.92
362,Bereda,ES,2020-07-07 18:22:22,43.27,-7.54,70.0,71,5,13.0
363,Biltine,TD,2020-07-07 18:22:22,14.53,20.92,96.04,23,43,8.39
364,Nhulunbuy,AU,2020-07-07 18:22:22,-12.23,136.77,73.4,78,40,8.05
365,Villa Maria,AR,2020-07-07 18:22:22,-32.41,-63.24,48.99,71,100,1.01
366,Kenai,US,2020-07-07 18:19:29,60.55,-151.26,55.99,87,90,3.36
367,Muzhi,RU,2020-07-07 18:21:06,65.37,64.67,72.0,64,71,4.29
368,Kuala Terengganu,MY,2020-07-07 18:22:23,5.33,103.14,80.01,94,20,3.36
369,Ahipara,NZ,2020-07-07 18:22:23,-35.17,173.17,51.82,74,68,21.65
370,Celestun,MX,2020-07-07 18:22:24,20.87,-90.4,89.87,56,37,4.45
371,Kappeln,DE,2020-07-07 18:22:24,54.66,9.93,57.99,76,96,27.51
372,Marau,BR,2020-07-07 18:22:24,-28.45,-52.2,54.34,97,100,6.55
373,Chatrapur,IN,2020-07-07 18:22:24,19.35,84.98,84.11,82,88,14.25
374,Souillac,MU,2020-07-07 18:22:24,-20.52,57.52,71.6,94,75,11.41
375,Bilibino,RU,2020-07-07 18:22:24,68.05,166.44,56.32,53,47,2.17
376,Ladario,BR,2020-07-07 18:22:25,-19.0,-57.6,86.0,48,20,3.36
377,Yarmouth,US,2020-07-07 18:22:25,41.71,-70.23,72.0,60,1,6.93
378,Chicama,PE,2020-07-07 18:22:25,-7.84,-79.15,72.1,57,40,11.7
379,Galesong,ID,2020-07-07 18:22:25,-5.32,119.37,75.2,100,40,1.12
380,Uray,RU,2020-07-07 18:20:32,60.12,64.78,71.98,66,3,5.5
381,Naze,JP,2020-07-07 18:22:25,28.37,129.48,80.6,100,90,8.05
382,Cockburn Town,TC,2020-07-07 18:22:25,21.46,-71.14,86.0,70,40,11.41
383,Cayenne,GF,2020-07-07 18:22:25,4.93,-52.33,89.6,49,1,6.93
384,Itoman,JP,2020-07-07 18:22:25,26.12,127.67,82.4,94,75,12.75
385,Kysyl-Syr,RU,2020-07-07 18:22:26,63.9,122.76,49.69,83,68,2.82
386,Raudeberg,NO,2020-07-07 18:22:26,61.99,5.14,55.99,66,84,3.58
387,Zhezkazgan,KZ,2020-07-07 18:22:26,47.8,67.71,73.89,44,40,9.64
388,Kruisfontein,ZA,2020-07-07 18:22:26,-34.0,24.73,49.1,75,83,4.5
389,Vestmanna,FO,2020-07-07 18:22:26,62.16,-7.17,50.0,81,64,12.75
390,Asyut,EG,2020-07-07 18:22:26,27.18,31.18,98.6,18,4,13.87
391,Warangal,IN,2020-07-07 18:22:26,18.0,79.58,81.03,76,54,8.01
392,Tabas,IR,2020-07-07 18:22:27,33.6,56.92,93.2,14,0,4.7
393,Ambanja,MG,2020-07-07 18:22:27,-13.68,48.45,74.53,87,91,3.91
394,Manaure,CO,2020-07-07 18:22:27,11.78,-72.44,90.75,54,33,15.21
395,Scarborough,GB,2020-07-07 18:22:27,54.28,-0.4,57.0,78,100,1.01
396,Nishihara,JP,2020-07-07 18:22:27,26.18,127.76,82.4,94,75,12.75
397,Nisia Floresta,BR,2020-07-07 18:22:27,-6.09,-35.21,84.2,54,20,17.22
398,Alappuzha,IN,2020-07-07 18:18:29,9.49,76.33,79.66,86,88,5.44
399,Belokurikha,RU,2020-07-07 18:22:28,52.0,84.99,62.1,86,100,4.68
400,Clearlake,US,2020-07-07 18:19:13,38.96,-122.63,81.0,30,0,1.99
401,San Carlos Del Zulia,VE,2020-07-07 18:20:19,9.0,-71.91,86.32,64,100,4.14
402,Perth,AU,2020-07-07 18:22:18,-31.93,115.83,55.99,100,75,5.82
403,Campagna,IT,2020-07-07 18:22:28,40.67,15.11,87.8,38,5,8.05
404,Cap Malheureux,MU,2020-07-07 18:22:28,-19.98,57.61,72.0,87,5,8.99
405,Flinders,AU,2020-07-07 18:22:28,-34.58,150.86,53.01,88,93,1.01
406,Punganuru,IN,2020-07-07 18:22:28,13.37,78.58,76.28,75,64,11.3
407,Karasburg,NA,2020-07-07 18:22:28,-28.02,18.75,53.65,47,17,9.91
408,Meleuz,RU,2020-07-07 18:22:29,52.97,55.92,68.74,89,20,5.06
409,Uchiza,PE,2020-07-07 18:22:29,-8.46,-76.46,84.43,54,100,3.18
410,Pa Sang,TH,2020-07-07 18:20:19,18.53,98.94,77.0,94,75,12.75
411,Lasa,IT,2020-07-07 18:22:29,46.62,10.7,68.0,32,5,6.93
412,Biryusinsk,RU,2020-07-07 18:22:29,55.96,97.82,59.72,96,74,5.5
413,Ati,TD,2020-07-07 18:22:29,13.22,18.34,95.63,30,13,9.37
414,West Plains,US,2020-07-07 18:21:31,36.73,-91.85,91.0,55,20,5.82
415,Derzhavinsk,KZ,2020-07-07 18:22:29,51.1,66.32,70.39,60,52,8.86
416,Angoram,PG,2020-07-07 18:22:30,-4.06,144.07,72.59,98,32,1.83
417,College,US,2020-07-07 18:22:30,64.86,-147.8,68.0,72,75,2.53
418,Lensk,RU,2020-07-07 18:22:30,60.73,114.93,52.66,87,100,2.66
419,Trairi,BR,2020-07-07 18:22:30,-3.28,-39.27,84.51,56,8,11.21
420,Te Anau,NZ,2020-07-07 18:22:30,-45.42,167.72,33.19,92,38,0.36
421,Kinsale,IE,2020-07-07 18:19:14,51.71,-8.53,61.0,93,75,12.75
422,Gasa,PS,2020-07-07 18:21:26,31.5,34.47,81.0,66,0,7.11
423,Vallenar,CL,2020-07-07 18:22:30,-28.57,-70.76,59.45,45,30,2.28
424,Touros,BR,2020-07-07 18:22:30,-5.2,-35.46,82.4,61,20,11.41
425,Fernandez,AR,2020-07-07 18:22:31,-27.92,-63.89,54.55,55,95,12.26
426,La Seyne-Sur-Mer,FR,2020-07-07 18:22:31,43.1,5.88,84.2,42,0,2.24
427,Dunedin,NZ,2020-07-07 18:22:31,-45.87,170.5,39.0,87,91,3.0
428,Jumla,NP,2020-07-07 18:22:31,29.27,82.18,61.5,68,87,1.97
429,Calvia,ES,2020-07-07 18:22:31,39.57,2.51,80.6,74,0,11.41
430,Fiche,ET,2020-07-07 18:22:31,9.8,38.73,56.59,81,85,4.5
431,Coroico,BO,2020-07-07 18:22:31,-16.19,-67.73,57.2,17,75,23.04
432,San Juan,AR,2020-07-07 18:22:32,-31.54,-68.54,52.68,43,0,2.84
433,Anchorage,US,2020-07-07 18:20:02,61.22,-149.9,59.0,77,90,5.82
434,Gornopravdinsk,RU,2020-07-07 18:22:32,60.05,69.9,67.14,74,58,2.17
435,Faanui,PF,2020-07-07 18:22:32,-16.48,-151.75,77.74,80,52,15.97
436,Nongpoh,IN,2020-07-07 18:22:32,25.9,91.88,84.2,100,75,3.4
437,Umm Lajj,SA,2020-07-07 18:22:32,25.02,37.27,82.2,59,0,4.18
438,Tshane,BW,2020-07-07 18:22:32,-24.02,21.87,57.94,31,0,5.99
439,Maniitsoq,GL,2020-07-07 18:22:32,65.42,-52.9,39.33,94,100,5.86
440,Ueno,JP,2020-07-07 18:22:33,34.75,136.13,75.0,98,100,2.19
441,Terrace,CA,2020-07-07 18:20:39,54.52,-128.6,55.4,82,90,5.82
442,Dano,BF,2020-07-07 18:22:33,11.15,-3.07,82.4,67,63,4.65
443,Porto Santo,PT,2020-07-07 18:22:33,33.07,-16.34,71.6,73,75,14.99
444,Urusha,RU,2020-07-07 18:22:33,54.05,122.9,55.72,64,77,3.74
445,Galle,LK,2020-07-07 18:22:33,6.04,80.22,80.38,85,89,6.98
446,Vardo,NO,2020-07-07 18:22:33,70.37,31.11,50.0,81,75,14.99
447,Voznesenskoye,RU,2020-07-07 18:22:33,54.89,42.76,75.29,83,0,5.57
448,Asau,RO,2020-07-07 18:22:33,46.43,26.4,57.0,88,100,3.62
449,Japura,ID,2020-07-07 18:22:34,-0.32,102.35,72.19,97,100,2.91
450,Nagato,JP,2020-07-07 18:22:34,34.38,131.2,70.0,100,75,3.36
451,Xiazhen,CN,2020-07-07 18:22:34,34.8,117.11,76.24,78,62,7.27
452,Belmonte,BR,2020-07-07 18:22:34,-15.86,-38.88,78.8,65,40,4.7
453,Mehran,IR,2020-07-07 18:22:34,33.12,46.16,80.6,26,20,4.7
454,Novoagansk,RU,2020-07-07 18:21:06,61.94,76.66,66.02,76,70,8.01
455,Pangody,RU,2020-07-07 18:22:34,65.85,74.49,70.43,68,97,11.14
456,Tottori,JP,2020-07-07 18:22:18,35.5,134.23,71.64,91,100,4.79
457,Lazaro Cardenas,MX,2020-07-07 18:22:34,17.96,-102.2,86.58,61,100,5.84
458,Ewo,CG,2020-07-07 18:22:35,-0.87,14.82,79.84,54,77,2.48
459,Port Augusta,AU,2020-07-07 18:22:35,-32.5,137.77,37.99,79,0,4.7
460,Mezhdurechensk,RU,2020-07-07 18:22:35,53.69,88.06,60.08,92,100,1.86
461,Boca Do Acre,BR,2020-07-07 18:22:35,-8.75,-67.4,91.33,47,50,2.51
462,Rincon,US,2020-07-07 18:21:06,32.3,-81.24,84.2,79,75,8.05
463,Bayir,TR,2020-07-07 18:22:36,37.27,28.22,84.2,69,5,10.29
464,Mehamn,NO,2020-07-07 18:22:36,71.04,27.85,53.6,71,40,11.41
465,Poum,NC,2020-07-07 18:22:03,-20.23,164.02,69.71,69,0,9.82
466,Longyearbyen,SJ,2020-07-07 18:21:33,78.22,15.64,48.2,76,75,32.21
467,Los Llanos De Aridane,ES,2020-07-07 18:22:36,28.66,-17.92,75.2,78,20,13.87
468,Marion,US,2020-07-07 18:20:07,39.77,-86.16,91.0,55,1,4.7
469,Kroya,ID,2020-07-07 18:22:36,-7.63,109.25,76.6,87,72,8.66
470,Grindavik,IS,2020-07-07 18:22:36,63.84,-22.43,51.8,76,75,12.75
471,Clyde River,CA,2020-07-07 18:22:37,70.47,-68.59,39.2,100,90,12.75
472,Mayumba,GA,2020-07-07 18:22:37,-3.43,10.66,72.97,87,61,7.96
473,Hasaki,JP,2020-07-07 18:22:37,35.73,140.83,80.6,83,75,14.99
474,Moose Factory,CA,2020-07-07 18:22:37,51.26,-80.61,80.6,65,1,9.17
475,Dongfeng,CN,2020-07-07 18:22:37,42.64,125.51,55.99,78,0,2.33
476,Saint-Francois,FR,2020-07-07 18:22:37,46.42,3.91,77.0,29,80,10.29
477,Namtsy,RU,2020-07-07 18:22:37,62.72,129.67,46.4,93,43,4.47
478,Lorengau,PG,2020-07-07 18:22:37,-2.02,147.27,81.52,81,91,9.57
479,Margate,GB,2020-07-07 18:22:37,51.38,1.39,66.99,36,94,5.99
480,Bagdarin,RU,2020-07-07 18:22:38,54.43,113.6,54.7,85,55,1.74
481,Mantua,IT,2020-07-07 18:22:38,45.17,10.78,75.0,45,0,3.0
482,Tripoli,LY,2020-07-07 18:22:17,32.88,13.19,77.54,64,0,6.31
483,Yar-Sale,RU,2020-07-07 18:22:38,66.83,70.83,70.09,66,100,8.28
484,Zola Predosa,IT,2020-07-07 18:22:38,44.49,11.22,77.0,38,0,8.05
485,Kurilsk,RU,2020-07-07 18:22:38,45.23,147.88,54.55,93,94,2.84
486,Taltal,CL,2020-07-07 18:22:38,-25.4,-70.48,60.13,59,10,6.15
487,Brownwood,US,2020-07-07 18:22:38,31.71,-98.99,89.6,55,40,11.41
488,Jishou,CN,2020-07-07 18:22:39,28.32,109.72,75.79,94,100,1.59
489,Port-Gentil,GA,2020-07-07 18:22:39,-0.72,8.78,77.0,88,20,10.29
490,Jinka,ET,2020-07-07 18:22:39,5.65,36.65,63.39,83,83,2.53
491,Shimoda,JP,2020-07-07 18:22:39,34.67,138.95,73.0,95,99,13.6
492,Aklavik,CA,2020-07-07 18:22:39,68.22,-135.01,51.8,71,75,2.24
493,Champerico,GT,2020-07-07 18:21:22,14.3,-91.92,87.8,58,20,6.93
494,Pontianak,ID,2020-07-07 18:22:39,-0.03,109.33,73.56,92,28,1.74
495,Amapa,BR,2020-07-07 18:22:39,1.0,-52.0,80.71,86,23,2.28
496,Brigantine,US,2020-07-07 18:22:40,39.41,-74.36,87.01,62,40,10.29
497,Chernyshevskiy,RU,2020-07-07 18:22:40,63.01,112.47,48.15,95,79,5.21
498,Camana,PE,2020-07-07 18:22:40,-16.62,-72.71,66.09,63,52,13.62
499,Burgeo,CA,2020-07-07 18:18:09,47.62,-57.62,63.77,64,97,12.73
500,Port Moresby,PG,2020-07-07 18:22:40,-9.44,147.18,75.2,88,63,10.29
501,Santa Isabel Do Rio Negro,BR,2020-07-07 18:22:40,-0.41,-65.02,86.13,70,48,1.41
502,Shingu,JP,2020-07-07 18:22:40,33.73,135.98,73.24,95,100,7.92
503,Uyemskiy,RU,2020-07-07 18:22:41,64.47,40.85,64.4,77,40,2.24
504,Tagusao,PH,2020-07-07 18:22:41,9.19,117.81,81.3,77,98,4.52
505,Valente,BR,2020-07-07 18:22:41,-11.41,-39.46,80.67,51,35,11.36
506,Chhabra,IN,2020-07-07 18:22:41,24.67,76.83,85.96,70,55,7.07
507,Hobyo,SO,2020-07-07 18:22:41,5.35,48.53,79.41,75,76,25.3
508,Ketchikan,US,2020-07-07 18:20:46,55.34,-131.65,60.8,72,90,9.17
509,Portland,US,2020-07-07 18:20:24,45.52,-122.68,64.0,77,90,3.36
510,Tokonou,GN,2020-07-07 18:22:42,9.65,-9.78,77.16,88,88,3.24
511,Yumen,CN,2020-07-07 18:22:42,40.28,97.2,79.27,25,14,12.93
512,Adrar,MR,2020-07-07 18:22:42,20.5,-10.07,110.88,6,24,12.19
513,Nanga Eboko,CM,2020-07-07 18:22:42,4.68,12.37,69.6,97,53,2.66
514,Blagodatnoye,RU,2020-07-07 18:22:42,45.4,42.59,87.8,22,26,11.18
515,Bac Lieu,VN,2020-07-07 18:22:42,9.29,105.72,81.48,80,96,5.14
516,Puerto Maldonado,PE,2020-07-07 18:22:42,-12.6,-69.18,84.2,74,40,4.7
517,Sosnogorsk,RU,2020-07-07 18:22:43,63.6,53.88,75.47,67,59,4.38
518,Kontagora,NG,2020-07-07 18:22:43,10.4,5.47,76.84,88,80,4.32
519,Mbanza-Ngungu,CD,2020-07-07 18:22:43,-5.25,14.87,76.24,44,0,4.0
520,Rio Gallegos,AR,2020-07-07 18:19:19,-51.62,-69.22,37.4,74,75,9.17
521,Lagoa,PT,2020-07-07 18:22:43,39.05,-27.98,69.33,86,26,6.04
522,Chegdomyn,RU,2020-07-07 18:22:43,51.12,133.02,55.54,95,100,2.21
523,Malindi,KE,2020-07-07 18:22:43,-3.22,40.12,78.8,83,20,16.11
524,Huambo,AO,2020-07-07 18:22:44,-12.78,15.74,57.7,31,0,5.06
525,Yaviza,PA,2020-07-07 18:22:44,8.15,-77.69,88.43,65,36,2.93
526,Velikiy Ustyug,RU,2020-07-07 18:22:44,60.76,46.31,73.13,79,19,5.28
527,Isla Mujeres,MX,2020-07-07 18:22:44,21.23,-86.73,89.6,66,40,11.41
528,Dwarka,IN,2020-07-07 18:22:44,22.24,68.97,82.35,84,97,22.1
529,Grenville,GD,2020-07-07 18:22:44,12.12,-61.62,86.0,74,40,9.17
530,Teahupoo,PF,2020-07-07 18:18:12,-17.83,-149.27,77.0,83,40,2.24
531,Rumuruti,KE,2020-07-07 18:22:44,0.27,36.54,57.2,88,92,4.5
532,Broken Hill,AU,2020-07-07 18:22:44,-31.95,141.43,39.2,80,0,4.7
533,Alofi,NU,2020-07-07 18:22:44,-19.06,-169.92,68.0,94,43,3.36
534,Tutoia,BR,2020-07-07 18:22:45,-2.76,-42.27,83.12,73,68,7.05
535,Coihaique,CL,2020-07-07 18:18:55,-45.58,-72.07,28.4,92,90,4.7
536,Kuliyapitiya,LK,2020-07-07 18:22:45,7.47,80.04,82.4,94,40,4.7
537,Labrea,BR,2020-07-07 18:22:45,-7.26,-64.8,94.14,40,47,4.29
538,Hastings,GB,2020-07-07 18:22:45,50.86,0.57,64.0,62,31,5.99
539,Amersham,GB,2020-07-07 18:22:45,51.67,-0.62,59.0,82,90,10.29
540,Coahuayana,MX,2020-07-07 18:22:45,18.73,-103.68,82.4,65,40,11.41
541,Madang,PG,2020-07-07 18:22:45,-5.22,145.8,76.05,89,65,4.47
542,Caxias,PT,2020-07-07 18:22:46,38.7,-9.28,82.4,57,20,11.41
543,Tuim,RU,2020-07-07 18:22:46,54.34,89.93,56.41,87,58,2.33
544,Kalmunai,LK,2020-07-07 18:22:46,7.42,81.82,83.1,76,100,4.0
545,Arawa,PG,2020-07-07 18:22:46,-6.21,155.54,76.8,81,68,2.39
546,Deputatskiy,RU,2020-07-07 18:22:46,69.3,139.9,42.64,95,100,3.36
547,Aripuana,BR,2020-07-07 18:22:46,-9.17,-60.63,95.22,28,0,3.76
548,Teya,RU,2020-07-07 18:22:46,60.38,92.63,56.79,91,44,3.53
549,Washington,US,2020-07-07 18:18:05,47.5,-120.5,72.0,38,0,5.01
550,Fairbanks,US,2020-07-07 18:19:24,64.84,-147.72,70.0,48,90,2.77
551,Catamarca,AR,2020-07-07 18:18:40,-28.47,-65.79,44.01,67,11,5.01
552,Havelock,US,2020-07-07 18:18:25,34.88,-76.9,81.0,88,90,8.05
553,Port Said,EG,2020-07-07 18:22:47,31.26,32.28,78.8,83,0,11.41
554,Mingguang,CN,2020-07-07 18:22:47,32.78,117.96,76.57,94,56,3.89
555,Lulea,SE,2020-07-07 18:22:47,65.58,22.15,57.2,82,17,5.82
556,Presidencia Roque Saenz Pena,AR,2020-07-07 18:22:47,-26.79,-60.44,48.54,92,100,11.25
557,Dubbo,AU,2020-07-07 18:22:17,-32.25,148.62,41.0,93,3,11.41
558,Yarkovo,RU,2020-07-07 18:22:47,57.4,67.08,66.74,71,19,2.42
559,Masuguru,TZ,2020-07-07 18:22:47,-11.37,38.42,76.24,41,77,5.26
560,Mobaye,CF,2020-07-07 18:22:48,4.32,21.18,71.38,93,67,1.19
561,Buluang,PH,2020-07-07 18:22:48,13.31,123.34,78.04,89,84,2.86
562,Turukhansk,RU,2020-07-07 18:22:00,65.82,87.98,55.83,93,10,4.14
563,Clearwater,US,2020-07-07 18:20:17,27.97,-82.8,93.0,62,40,11.41
564,Shaikhpura,IN,2020-07-07 18:22:48,25.15,85.85,85.78,79,100,5.19
565,Custodia,BR,2020-07-07 18:18:31,-8.09,-37.64,85.1,31,25,10.98
566,Bakchar,RU,2020-07-07 18:22:48,57.02,82.07,61.12,77,70,4.03
567,Tyumentsevo,RU,2020-07-07 18:21:06,53.32,81.5,60.91,88,88,2.64
568,Saldanha,ZA,2020-07-07 18:18:31,-33.01,17.94,51.8,71,0,6.93
569,Gat,IL,2020-07-07 18:22:49,31.61,34.76,81.0,66,0,4.38
570,Vestmannaeyjar,IS,2020-07-07 18:22:49,63.44,-20.27,53.6,76,100,14.99
571,Loding,NO,2020-07-07 18:22:49,67.3,14.75,51.01,76,75,6.93
572,Setermoen,NO,2020-07-07 18:22:49,68.86,18.35,50.0,76,75,12.75
573,Aras,ES,2020-07-07 18:22:49,42.56,-2.36,86.0,25,0,3.36
574,Kholodnyy,RU,2020-07-07 18:22:49,62.72,147.95,51.19,73,67,5.91
575,Hamilton,US,2020-07-07 18:21:36,39.18,-84.53,93.0,58,1,8.05
576,Bowen,AU,2020-07-07 18:22:49,-20.02,148.23,64.99,93,75,9.17
577,Skutec,CZ,2020-07-07 18:22:50,49.84,16.0,66.2,42,1,5.82
578,Mama,RU,2020-07-07 18:22:50,58.31,112.9,60.53,74,73,2.17
579,Walvis Bay,NA,2020-07-07 18:21:10,-22.96,14.51,59.0,77,0,2.24
580,Talcahuano,CL,2020-07-07 18:22:50,-36.72,-73.12,51.8,87,90,16.11
581,Spruce Grove,CA,2020-07-07 18:18:38,53.53,-113.92,63.0,82,75,3.36
582,Luderitz,NA,2020-07-07 18:17:59,-26.65,15.16,60.8,77,0,23.04
583,Mitsamiouli,KM,2020-07-07 18:22:50,-11.38,43.28,78.71,80,94,10.47
584,Yoichi,JP,2020-07-07 18:22:50,43.2,140.77,64.99,99,67,3.0
585,Alyangula,AU,2020-07-07 18:22:50,-13.85,136.42,59.0,100,0,13.18
586,Krasnoselkup,RU,2020-07-07 18:21:16,65.7,82.47,59.56,86,41,10.11
587,Plouzane,FR,2020-07-07 18:22:51,48.38,-4.62,64.4,63,43,9.17
588,Taunggyi,MM,2020-07-07 18:22:51,20.78,97.03,66.79,100,100,1.41
589,Martapura,ID,2020-07-07 18:22:51,-3.42,114.85,73.83,96,84,2.04
590,Turiacu,BR,2020-07-07 18:22:51,-1.66,-45.37,78.78,91,55,4.74
591,Bako,ET,2020-07-07 18:22:51,5.78,36.57,62.65,87,84,3.74
592,Komsomolskiy,UZ,2020-07-07 18:22:51,40.43,71.72,77.0,36,0,6.93
593,Mareeba,AU,2020-07-07 18:22:51,-17.0,145.43,68.0,88,40,9.17
594,Beringovskiy,RU,2020-07-07 18:22:39,63.05,179.32,47.53,80,86,7.23
595,Mangrol,IN,2020-07-07 18:22:52,21.12,70.12,81.43,87,94,17.94
