City_ID,City,Lat,Lng,Max Temp,Humidity,Cloudiness,Wind Speed,Description,Country,Date,Rainfall(1h),Snowfall(1h)
0,Fortuna,40.6,-124.16,70.0,72,1,14.99,clear sky,US,2020-07-09 21:13:14,0.0,0.0
1,Grindavik,63.84,-22.43,51.8,71,75,11.41,broken clouds,IS,2020-07-09 21:11:38,0.0,0.0
2,Komsomolskiy,40.43,71.72,77.0,33,100,6.93,overcast clouds,UZ,2020-07-09 21:13:15,0.0,0.0
3,Mataura,-46.19,168.86,42.06,92,100,5.06,light rain,NZ,2020-07-09 21:13:06,0.13,0.0
4,San Ignacio,17.16,-89.07,93.2,56,40,6.93,scattered clouds,BZ,2020-07-09 21:13:15,0.0,0.0
5,Rikitea,-23.12,-134.97,68.16,65,10,19.01,clear sky,PF,2020-07-09 21:09:15,0.0,0.0
6,Matagami,49.75,-77.63,86.0,42,1,8.05,clear sky,CA,2020-07-09 21:11:28,0.0,0.0
7,Kodiak,57.79,-152.41,66.2,48,40,12.75,scattered clouds,US,2020-07-09 21:09:25,0.0,0.0
8,Thompson,55.74,-97.86,66.2,77,75,12.75,broken clouds,CA,2020-07-09 21:13:15,0.0,0.0
9,X-Can,55.74,-97.86,66.2,77,75,12.75,broken clouds,CA,2020-07-09 21:13:15,0.0,0.0
10,Bluff,-46.6,168.33,49.8,81,99,16.02,overcast clouds,NZ,2020-07-09 21:13:16,0.0,0.0
11,Butaritari,3.07,172.79,83.89,75,3,13.31,clear sky,KI,2020-07-09 21:13:16,0.0,0.0
12,Guadalupe Y Calvo,26.1,-106.97,65.39,83,80,4.7,moderate rain,MX,2020-07-09 21:13:16,1.55,0.0
13,Illoqqortoormiut,26.1,-106.97,65.39,83,80,4.7,moderate rain,MX,2020-07-09 21:13:16,0.0,0.0
14,Saint-Philippe,-21.36,55.77,71.6,82,20,21.92,few clouds,RE,2020-07-09 21:13:16,0.0,0.0
15,Busselton,-33.65,115.33,37.99,86,0,6.62,clear sky,AU,2020-07-09 21:13:16,0.0,0.0
16,Doha,25.29,51.53,93.2,84,21,1.12,few clouds,QA,2020-07-09 21:08:31,0.0,0.0
17,Bredasdorp,-34.53,20.04,55.4,71,100,16.11,light rain,ZA,2020-07-09 21:13:16,0.99,0.0
18,Amos,48.57,-78.12,89.6,35,75,10.29,broken clouds,CA,2020-07-09 21:13:17,0.0,0.0
19,Tsihombe,48.57,-78.12,89.6,35,75,10.29,broken clouds,CA,2020-07-09 21:13:17,0.0,0.0
20,Albany,42.6,-73.97,95.0,39,0,4.68,clear sky,US,2020-07-09 21:13:17,0.0,0.0
21,Grand Gaube,-20.01,57.66,72.0,64,41,10.0,scattered clouds,MU,2020-07-09 21:13:17,0.0,0.0
22,Nikolskoye,59.7,30.79,57.0,76,20,6.71,few clouds,RU,2020-07-09 21:13:17,0.0,0.0
23,Vaini,-21.2,-175.2,73.4,94,75,5.82,broken clouds,TO,2020-07-09 21:13:17,0.0,0.0
24,Tasiilaq,65.61,-37.64,50.0,67,100,14.99,overcast clouds,GL,2020-07-09 21:13:17,0.0,0.0
25,Hithadhoo,-0.6,73.08,84.51,71,74,5.82,broken clouds,MV,2020-07-09 21:13:17,0.0,0.0
26,Ushuaia,-54.8,-68.3,37.4,64,75,12.75,shower rain,AR,2020-07-09 21:13:16,0.0,0.0
27,Hermanus,-34.42,19.23,53.01,81,100,5.99,moderate rain,ZA,2020-07-09 21:13:18,2.99,0.0
28,Sobolevo,54.43,31.9,49.98,92,0,4.81,clear sky,RU,2020-07-09 21:13:18,0.0,0.0
29,Avarua,-21.21,-159.78,78.8,69,73,14.99,broken clouds,CK,2020-07-09 21:13:18,0.0,0.0
30,Buzmeyin,38.05,58.21,87.8,19,0,4.7,clear sky,TM,2020-07-09 21:13:18,0.0,0.0
31,Hobart,-42.88,147.33,37.4,93,40,8.05,scattered clouds,AU,2020-07-09 21:13:00,0.0,0.0
32,Eureka,40.8,-124.16,66.99,10,15,3.0,few clouds,US,2020-07-09 21:09:45,0.0,0.0
33,Hadrut,39.52,47.03,74.93,57,78,4.38,broken clouds,AZ,2020-07-09 21:13:18,0.0,0.0
34,Lavrentiya,65.58,-171.0,50.41,76,7,4.27,clear sky,RU,2020-07-09 21:13:19,0.0,0.0
35,Victoria,22.29,114.16,86.0,74,100,11.01,overcast clouds,HK,2020-07-09 21:13:19,0.0,0.0
36,Dikson,73.51,80.55,42.31,85,0,15.01,clear sky,RU,2020-07-09 21:13:19,0.0,0.0
37,Barentu,15.11,37.59,70.92,82,97,9.73,overcast clouds,ER,2020-07-09 21:13:19,0.0,0.0
38,Beloha,-25.17,45.05,64.47,69,0,10.42,clear sky,MG,2020-07-09 21:13:19,0.0,0.0
39,Adrar,20.5,-10.07,96.42,9,0,10.69,clear sky,MR,2020-07-09 21:13:19,0.0,0.0
40,Tuatapere,-46.13,167.68,44.96,84,96,6.69,overcast clouds,NZ,2020-07-09 21:13:19,0.0,0.0
41,Matamoros,25.53,-103.25,95.0,26,40,4.7,scattered clouds,MX,2020-07-09 21:13:19,0.0,0.0
42,Chokurdakh,70.63,147.92,48.45,75,100,10.42,overcast clouds,RU,2020-07-09 21:13:19,0.0,0.0
43,Luanda,-8.84,13.23,71.6,88,0,6.93,clear sky,AO,2020-07-09 21:13:20,0.0,0.0
44,Belushya Guba,-8.84,13.23,71.6,88,0,6.93,clear sky,AO,2020-07-09 21:13:20,0.0,0.0
45,Chuy,-33.7,-53.46,48.2,73,0,10.27,clear sky,UY,2020-07-09 21:13:20,0.0,0.0
46,Kapaa,22.08,-159.32,80.6,78,40,10.29,scattered clouds,US,2020-07-09 21:13:20,0.0,0.0
47,Cockburn Town,21.46,-71.14,86.0,74,75,17.22,broken clouds,TC,2020-07-09 21:13:20,0.0,0.0
48,Key Biscayne,25.69,-80.16,96.8,37,90,4.7,overcast clouds,US,2020-07-09 21:13:20,0.0,0.0
49,Naryan-Mar,67.67,53.09,74.35,72,0,14.14,clear sky,RU,2020-07-09 21:13:20,0.0,0.0
50,Erdenet,49.03,104.08,50.34,91,100,5.17,light rain,MN,2020-07-09 21:13:20,0.24,0.0
51,Geraldton,-28.77,114.6,50.0,71,0,16.11,clear sky,AU,2020-07-09 21:13:21,0.0,0.0
52,Marsaxlokk,35.84,14.54,73.99,83,0,2.24,clear sky,MT,2020-07-09 21:13:21,0.0,0.0
53,Ilulissat,69.22,-51.1,46.4,93,75,1.12,light intensity shower rain,GL,2020-07-09 21:13:21,0.0,0.0
54,Qaanaaq,77.48,-69.36,47.3,53,98,2.21,overcast clouds,GL,2020-07-09 21:13:21,0.0,0.0
55,Lipari,38.47,14.95,78.01,84,0,3.0,clear sky,IT,2020-07-09 21:13:21,0.0,0.0
56,Barrow,71.29,-156.79,39.2,80,40,9.17,scattered clouds,US,2020-07-09 21:13:21,0.0,0.0
57,Borgarnes,64.54,-21.92,53.01,71,75,16.11,broken clouds,IS,2020-07-09 21:13:21,0.0,0.0
58,Shingu,33.73,135.98,72.36,93,100,0.72,overcast clouds,JP,2020-07-09 21:13:21,0.0,0.0
59,Sattahip,12.67,100.9,82.4,83,20,4.7,few clouds,TH,2020-07-09 21:13:22,0.0,0.0
60,Kavieng,-2.57,150.8,82.2,75,89,6.78,light rain,PG,2020-07-09 21:13:22,0.83,0.0
61,Leningradskiy,69.38,178.42,51.13,68,85,12.3,overcast clouds,RU,2020-07-09 21:13:22,0.0,0.0
62,Buala,-8.14,159.59,81.16,81,79,10.98,light rain,SB,2020-07-09 21:13:22,0.48,0.0
63,Vila Velha,-20.33,-40.29,75.2,83,0,2.24,clear sky,BR,2020-07-09 21:12:10,0.0,0.0
64,Portland,45.52,-122.68,75.0,49,75,3.36,broken clouds,US,2020-07-09 21:13:06,0.0,0.0
65,Khilok,51.37,110.47,61.07,93,100,1.54,light rain,RU,2020-07-09 21:13:22,0.41,0.0
66,Mahebourg,-20.41,57.7,71.6,78,40,14.99,scattered clouds,MU,2020-07-09 21:13:22,0.0,0.0
67,Severo-Kurilsk,50.68,156.12,49.33,93,100,11.43,moderate rain,RU,2020-07-09 21:13:22,1.78,0.0
68,Srandakan,-7.94,110.25,74.46,86,100,5.3,overcast clouds,ID,2020-07-09 21:13:23,0.0,0.0
69,Aktau,43.65,51.2,78.8,61,50,8.95,scattered clouds,KZ,2020-07-09 21:13:23,0.0,0.0
70,Muli,2.92,73.57,83.7,73,100,8.99,overcast clouds,MV,2020-07-09 21:13:23,0.0,0.0
71,Coihaique,-45.58,-72.07,37.4,74,75,2.24,broken clouds,CL,2020-07-09 21:13:23,0.0,0.0
72,Sangar,63.92,127.47,64.9,54,9,12.53,clear sky,RU,2020-07-09 21:13:23,0.0,0.0
73,Punta Arenas,-53.15,-70.92,33.8,80,98,19.46,overcast clouds,CL,2020-07-09 21:08:25,0.0,0.0
74,Rovaniemi,66.5,25.72,51.8,93,98,9.17,light intensity shower rain,FI,2020-07-09 21:13:23,0.0,0.0
75,Khatanga,71.97,102.5,52.18,64,9,17.69,clear sky,RU,2020-07-09 21:13:23,0.0,0.0
76,Bathsheba,13.22,-59.52,84.2,70,40,19.46,scattered clouds,BB,2020-07-09 21:13:24,0.0,0.0
77,Isangel,-19.55,169.27,64.4,93,75,18.81,broken clouds,VU,2020-07-09 21:13:24,0.0,0.0
78,Katsuura,35.13,140.3,75.0,95,96,4.0,overcast clouds,JP,2020-07-09 21:13:24,0.0,0.0
79,Luang Prabang,19.89,102.13,74.97,84,100,1.86,overcast clouds,LA,2020-07-09 21:13:24,0.0,0.0
80,Gravdal,68.12,13.5,51.8,81,40,6.71,scattered clouds,NO,2020-07-09 21:13:24,0.0,0.0
81,Lufkin,31.34,-94.73,96.01,52,20,10.29,few clouds,US,2020-07-09 21:13:24,0.0,0.0
82,Taolanaro,31.34,-94.73,96.01,52,20,10.29,few clouds,US,2020-07-09 21:13:24,0.0,0.0
83,Hasaki,35.73,140.83,73.4,100,75,3.36,light intensity shower rain,JP,2020-07-09 21:13:24,0.0,0.0
84,Atlantic City,39.36,-74.42,84.2,66,75,11.41,broken clouds,US,2020-07-09 21:13:25,0.0,0.0
85,Atuona,-9.8,-139.03,79.61,78,2,16.44,clear sky,PF,2020-07-09 21:13:04,0.0,0.0
86,Dayong,25.02,118.29,84.2,83,100,8.95,light rain,CN,2020-07-09 21:13:25,0.19,0.0
87,Saskylakh,71.92,114.08,49.33,70,1,9.98,clear sky,RU,2020-07-09 21:13:25,0.0,0.0
88,Hilo,19.73,-155.09,80.6,65,90,5.82,overcast clouds,US,2020-07-09 21:13:25,0.0,0.0
89,Esperance,-33.87,121.9,46.4,87,75,6.93,broken clouds,AU,2020-07-09 21:13:25,0.0,0.0
90,Supe,-10.8,-77.73,65.52,70,9,12.28,clear sky,PE,2020-07-09 21:13:25,0.0,0.0
91,Mackenzie,55.3,-123.17,59.0,77,75,9.17,light rain,CA,2020-07-09 21:13:25,0.0,0.0
92,Viransehir,37.24,39.76,82.6,26,0,9.37,clear sky,TR,2020-07-09 21:13:26,0.0,0.0
93,Ostrovnoy,68.05,39.51,56.53,96,100,6.87,overcast clouds,RU,2020-07-09 21:13:26,0.0,0.0
94,Kryzhanivka,46.56,30.79,64.4,68,16,7.05,few clouds,UA,2020-07-09 21:13:26,0.0,0.0
95,Namibe,-15.2,12.15,63.0,81,0,9.8,clear sky,AO,2020-07-09 21:13:26,0.0,0.0
96,Opuwo,-18.06,13.84,51.71,52,0,5.41,clear sky,NA,2020-07-09 21:13:26,0.0,0.0
97,Jumilla,38.48,-1.32,78.01,49,7,1.3,clear sky,ES,2020-07-09 21:13:26,0.0,0.0
98,Mys Shmidta,38.48,-1.32,78.01,49,7,1.3,clear sky,ES,2020-07-09 21:13:26,0.0,0.0
99,Yellowknife,62.46,-114.35,70.0,42,75,11.41,shower rain,CA,2020-07-09 21:12:26,0.0,0.0
100,Jamestown,42.1,-79.24,87.01,51,90,3.36,overcast clouds,US,2020-07-09 21:13:27,0.0,0.0
101,Catamarca,-28.47,-65.79,63.0,47,0,1.99,clear sky,AR,2020-07-09 21:13:27,0.0,0.0
102,Haines Junction,60.75,-137.51,63.09,48,96,3.11,light rain,CA,2020-07-09 21:13:27,0.43,0.0
103,Ust-Nera,64.57,143.2,64.85,39,16,0.81,few clouds,RU,2020-07-09 21:13:27,0.0,0.0
104,Beringovskiy,63.05,179.32,56.17,68,76,4.32,broken clouds,RU,2020-07-09 21:13:27,0.0,0.0
105,Jalu,29.03,21.55,84.25,40,0,11.65,clear sky,LY,2020-07-09 21:13:27,0.0,0.0
106,Te Anau,-45.42,167.72,36.59,87,91,0.63,overcast clouds,NZ,2020-07-09 21:13:27,0.0,0.0
107,Port Antonio,18.18,-76.46,90.0,74,40,23.04,scattered clouds,JM,2020-07-09 21:13:28,0.0,0.0
108,Saldanha,-33.01,17.94,53.6,87,100,5.82,moderate rain,ZA,2020-07-09 21:13:28,2.5,0.0
109,Dinar,38.06,30.17,75.2,50,2,11.41,clear sky,TR,2020-07-09 21:13:28,0.0,0.0
110,Provideniya,64.38,-173.3,50.0,81,20,8.95,few clouds,RU,2020-07-09 21:13:28,0.0,0.0
111,Caninde,-4.36,-39.31,76.39,77,41,4.38,light rain,BR,2020-07-09 21:13:28,0.11,0.0
112,Hofn,64.25,-15.21,54.03,66,80,7.99,broken clouds,IS,2020-07-09 21:13:28,0.0,0.0
113,Mana,5.66,-53.78,80.94,80,68,5.91,light rain,GF,2020-07-09 21:13:28,0.41,0.0
114,San Andres,12.58,-81.7,84.2,79,75,6.93,broken clouds,CO,2020-07-09 21:13:28,0.0,0.0
115,Tuktoyaktuk,69.45,-133.04,37.4,86,90,12.75,overcast clouds,CA,2020-07-09 21:13:29,0.0,0.0
116,Wahiawa,21.5,-158.02,87.8,58,40,9.17,scattered clouds,US,2020-07-09 21:13:29,0.0,0.0
117,Castro,-24.79,-50.01,49.1,70,100,1.48,overcast clouds,BR,2020-07-09 21:12:33,0.0,0.0
118,Arraial Do Cabo,-22.97,-42.03,73.4,78,75,17.22,broken clouds,BR,2020-07-09 21:10:00,0.0,0.0
119,Chalons-En-Champagne,48.95,4.37,75.2,60,0,6.93,clear sky,FR,2020-07-09 21:13:29,0.0,0.0
120,Ornskoldsvik,63.29,18.72,53.6,76,81,5.82,broken clouds,SE,2020-07-09 21:13:29,0.0,0.0
121,Port Alfred,-33.59,26.89,63.0,84,0,3.0,clear sky,ZA,2020-07-09 21:13:29,0.0,0.0
122,Lompoc,34.64,-120.46,66.0,68,11,16.11,few clouds,US,2020-07-09 21:12:09,0.0,0.0
123,Praia,14.92,-23.51,80.6,74,75,4.7,broken clouds,CV,2020-07-09 21:13:29,0.0,0.0
124,Gloversville,43.05,-74.34,88.0,55,1,3.36,clear sky,US,2020-07-09 21:13:30,0.0,0.0
125,Xichang,27.9,102.26,68.4,83,100,1.5,moderate rain,CN,2020-07-09 21:13:30,3.12,0.0
126,Laguna,38.42,-121.42,96.01,27,1,3.36,clear sky,US,2020-07-09 21:12:07,0.0,0.0
127,Pangnirtung,66.15,-65.71,50.0,71,75,16.11,broken clouds,CA,2020-07-09 21:11:06,0.0,0.0
128,Cidreira,-30.18,-50.21,52.61,67,0,14.58,clear sky,BR,2020-07-09 21:13:30,0.0,0.0
129,Salalah,17.02,54.09,82.4,88,75,2.24,broken clouds,OM,2020-07-09 21:13:30,0.0,0.0
130,Morwell,-38.23,146.4,43.0,97,100,1.03,overcast clouds,AU,2020-07-09 21:13:30,0.0,0.0
131,Saint-Raymond,45.47,-73.61,93.99,55,75,10.29,broken clouds,CA,2020-07-09 21:13:30,0.0,0.0
132,Baykit,61.67,96.37,47.73,80,100,2.35,overcast clouds,RU,2020-07-09 21:13:31,0.0,0.0
133,Vestmannaeyjar,63.44,-20.27,53.47,75,81,21.63,broken clouds,IS,2020-07-09 21:11:37,0.0,0.0
134,Klaksvik,62.23,-6.59,48.2,93,98,6.93,overcast clouds,FO,2020-07-09 21:13:31,0.0,0.0
135,Sentyabrskiy,62.23,-6.59,48.2,93,98,6.93,overcast clouds,FO,2020-07-09 21:13:31,0.0,0.0
136,Fukue,32.69,128.84,76.03,89,100,26.89,light rain,JP,2020-07-09 21:13:31,0.44,0.0
137,Acapulco,16.86,-99.89,87.8,74,75,13.87,broken clouds,MX,2020-07-09 21:13:31,0.0,0.0
138,Lagoa,39.05,-27.98,69.13,69,1,3.13,clear sky,PT,2020-07-09 21:13:31,0.0,0.0
139,Clyde River,70.47,-68.59,42.8,93,75,6.93,light intensity shower rain,CA,2020-07-09 21:13:31,0.0,0.0
140,La Tuque,47.43,-72.78,74.84,73,100,6.26,overcast clouds,CA,2020-07-09 21:13:31,0.0,0.0
141,Port Elizabeth,-33.92,25.57,59.0,82,28,9.17,scattered clouds,ZA,2020-07-09 21:13:32,0.0,0.0
142,Lebu,-37.62,-73.65,54.07,93,100,23.85,light rain,CL,2020-07-09 21:13:32,0.88,0.0
143,Petropavlovsk-Kamchatskiy,53.05,158.65,57.2,100,75,2.24,broken clouds,RU,2020-07-09 21:13:32,0.0,0.0
144,Chicama,-7.84,-79.15,70.79,58,6,9.95,clear sky,PE,2020-07-09 21:13:32,0.0,0.0
145,Umzimvubu,-7.84,-79.15,70.79,58,6,9.95,clear sky,PE,2020-07-09 21:13:32,0.0,0.0
146,Attawapiskat,-7.84,-79.15,70.79,58,6,9.95,clear sky,PE,2020-07-09 21:13:32,0.0,0.0
147,Nanortalik,60.14,-45.24,44.96,93,100,10.92,light rain,GL,2020-07-09 21:13:32,0.35,0.0
148,Ati,13.22,18.34,85.14,51,100,14.0,overcast clouds,TD,2020-07-09 21:13:32,0.0,0.0
149,Japura,-0.32,102.35,71.51,97,97,1.01,overcast clouds,ID,2020-07-09 21:13:33,0.0,0.0
150,Mar Del Plata,-38.0,-57.56,50.0,65,100,9.17,overcast clouds,AR,2020-07-09 21:13:33,0.0,0.0
151,Nkhata Bay,-11.61,34.29,69.1,82,10,4.54,light rain,MW,2020-07-09 21:13:33,0.14,0.0
152,College,64.86,-147.8,57.2,87,90,4.7,light rain,US,2020-07-09 21:13:33,0.89,0.0
153,Bandarbeyla,9.49,50.81,79.34,73,92,32.3,overcast clouds,SO,2020-07-09 21:13:33,0.0,0.0
154,Tarudant,9.49,50.81,79.34,73,92,32.3,overcast clouds,SO,2020-07-09 21:13:33,0.0,0.0
155,Puerto Ayora,-0.74,-90.35,68.0,92,80,8.01,broken clouds,EC,2020-07-09 21:13:33,0.0,0.0
156,Salina Cruz,16.17,-95.2,93.51,52,49,4.14,scattered clouds,MX,2020-07-09 21:13:33,0.0,0.0
157,Haikou,20.05,110.34,82.4,78,100,8.95,overcast clouds,CN,2020-07-09 21:13:34,0.0,0.0
158,Camacha,33.08,-16.33,69.8,77,20,12.75,few clouds,PT,2020-07-09 21:13:34,0.0,0.0
159,Asau,46.43,26.4,59.0,90,2,3.42,clear sky,RO,2020-07-09 21:13:34,0.0,0.0
160,Ankara,39.92,32.85,73.4,46,0,13.87,clear sky,TR,2020-07-09 21:13:14,0.0,0.0
161,Ritchie,-29.04,24.6,55.4,54,8,9.17,clear sky,ZA,2020-07-09 21:13:34,0.0,0.0
162,Saint George,37.1,-113.58,100.99,5,0,1.01,clear sky,US,2020-07-09 21:13:25,0.0,0.0
163,Sedan,49.67,5.0,68.0,45,20,3.69,few clouds,FR,2020-07-09 21:13:34,0.0,0.0
164,Tura,25.52,90.22,75.16,98,100,3.38,moderate rain,IN,2020-07-09 21:13:34,2.35,0.0
165,Hualmay,-11.1,-77.61,65.89,69,6,12.39,clear sky,PE,2020-07-09 21:13:35,0.0,0.0
166,Atikokan,48.76,-91.62,83.88,38,100,12.86,overcast clouds,CA,2020-07-09 21:13:35,0.0,0.0
167,Felanitx,39.47,3.15,78.8,57,20,5.82,few clouds,ES,2020-07-09 21:13:35,0.0,0.0
168,Suwanee,34.05,-84.07,91.0,88,75,5.82,moderate rain,US,2020-07-09 21:13:35,3.05,0.0
169,Cape Town,-33.93,18.42,53.6,93,75,6.93,heavy intensity rain,ZA,2020-07-09 21:09:31,4.57,0.0
170,Kurilsk,45.23,147.88,56.61,86,100,1.97,overcast clouds,RU,2020-07-09 21:13:35,0.0,0.0
171,Zhigansk,66.77,123.37,60.53,55,100,8.03,overcast clouds,RU,2020-07-09 21:13:36,0.0,0.0
172,Yar-Sale,66.83,70.83,52.84,75,0,11.48,clear sky,RU,2020-07-09 21:13:36,0.0,0.0
173,Samusu,66.83,70.83,52.84,75,0,11.48,clear sky,RU,2020-07-09 21:13:36,0.0,0.0
174,Padang,-0.95,100.35,76.62,79,97,3.53,overcast clouds,ID,2020-07-09 21:13:36,0.0,0.0
175,Saint-Pierre,-21.34,55.48,68.0,82,20,21.92,few clouds,RE,2020-07-09 21:11:43,0.0,0.0
176,Egvekinot,66.32,-179.17,54.16,69,80,5.93,broken clouds,RU,2020-07-09 21:13:36,0.0,0.0
177,Lidkoping,58.51,13.16,51.8,93,29,3.36,scattered clouds,SE,2020-07-09 21:13:36,0.0,0.0
178,Falealupo,58.51,13.16,51.8,93,29,3.36,scattered clouds,SE,2020-07-09 21:13:36,0.0,0.0
179,Chernyshevskiy,63.01,112.47,58.14,96,92,3.02,overcast clouds,RU,2020-07-09 21:13:36,0.0,0.0
180,Mecca,21.43,39.83,89.28,15,0,8.52,clear sky,SA,2020-07-09 21:13:37,0.0,0.0
181,Chapais,49.78,-74.85,84.2,45,75,3.36,broken clouds,CA,2020-07-09 21:13:37,0.0,0.0
182,Faya,18.39,42.45,77.0,40,17,2.84,few clouds,SA,2020-07-09 21:13:37,0.0,0.0
183,Upernavik,72.79,-56.15,44.01,74,100,4.79,overcast clouds,GL,2020-07-09 21:13:37,0.0,0.0
184,Samalaeulu,72.79,-56.15,44.01,74,100,4.79,overcast clouds,GL,2020-07-09 21:13:37,0.0,0.0
185,Trinidad,-14.83,-64.9,64.4,77,90,6.93,overcast clouds,BO,2020-07-09 21:11:17,0.0,0.0
186,Coronel Mariduena,-14.83,-64.9,64.4,77,90,6.93,overcast clouds,BO,2020-07-09 21:11:17,0.0,0.0
187,Capao Da Canoa,-29.75,-50.01,54.79,61,0,12.12,clear sky,BR,2020-07-09 21:13:37,0.0,0.0
188,Anori,-3.77,-61.64,88.61,59,98,2.66,overcast clouds,BR,2020-07-09 21:13:38,0.0,0.0
189,Buraydah,26.33,43.98,91.4,21,0,10.29,clear sky,SA,2020-07-09 21:13:38,0.0,0.0
190,Polunochnoye,60.87,60.42,70.41,70,0,3.44,clear sky,RU,2020-07-09 21:13:38,0.0,0.0
191,Berlevag,70.86,29.09,44.6,100,75,16.11,broken clouds,NO,2020-07-09 21:13:38,0.0,0.0
192,Reisterstown,39.47,-76.83,89.01,57,0,7.81,clear sky,US,2020-07-09 21:13:38,0.0,0.0
193,Vao,-22.67,167.48,67.35,70,0,20.85,clear sky,NC,2020-07-09 21:13:38,0.0,0.0
194,Saleaula,-22.67,167.48,67.35,70,0,20.85,clear sky,NC,2020-07-09 21:13:38,0.0,0.0
195,Verkh-Usugli,52.7,115.17,58.73,96,99,2.21,overcast clouds,RU,2020-07-09 21:13:38,0.0,0.0
196,Barentsburg,52.7,115.17,58.73,96,99,2.21,overcast clouds,RU,2020-07-09 21:13:38,0.0,0.0
197,Uwayl,52.7,115.17,58.73,96,99,2.21,overcast clouds,RU,2020-07-09 21:13:38,0.0,0.0
198,Bethel,41.37,-73.41,89.01,58,1,10.29,clear sky,US,2020-07-09 21:13:39,0.0,0.0
199,Bochnia,49.97,20.43,66.0,84,56,5.17,broken clouds,PL,2020-07-09 21:13:39,0.0,0.0
200,Znamenskoye,57.13,73.83,65.1,96,93,9.06,overcast clouds,RU,2020-07-09 21:13:39,0.0,0.0
201,Cassilandia,-19.11,-51.73,68.45,70,65,4.32,broken clouds,BR,2020-07-09 21:13:39,0.0,0.0
202,Monte Carmelo,-18.72,-47.5,69.66,55,36,7.56,scattered clouds,BR,2020-07-09 21:13:39,0.0,0.0
203,Longyearbyen,78.22,15.64,46.4,81,75,9.17,light rain,SJ,2020-07-09 21:13:39,0.0,0.0
204,Siimusti,58.73,26.34,54.0,87,0,5.82,clear sky,EE,2020-07-09 21:13:39,0.0,0.0
205,Luwuk,-0.95,122.79,76.71,81,69,4.74,broken clouds,ID,2020-07-09 21:13:40,0.0,0.0
206,San Jose,37.34,-121.89,89.01,28,5,9.17,clear sky,US,2020-07-09 21:13:40,0.0,0.0
207,Tateyama,34.98,139.87,75.0,95,78,4.0,broken clouds,JP,2020-07-09 21:13:40,0.0,0.0
208,Estevan,49.13,-102.98,66.0,77,90,14.99,overcast clouds,CA,2020-07-09 21:13:40,0.0,0.0
209,Pesaro,43.9,12.89,75.0,50,0,4.0,clear sky,IT,2020-07-09 21:13:40,0.0,0.0
210,Ushumun,52.78,126.53,65.7,84,100,8.39,overcast clouds,RU,2020-07-09 21:13:40,0.0,0.0
211,Port Hawkesbury,45.62,-61.35,70.0,82,90,6.93,overcast clouds,CA,2020-07-09 21:13:40,0.0,0.0
212,Broome,42.25,-75.83,93.0,48,20,9.17,few clouds,US,2020-07-09 21:12:39,0.0,0.0
213,Yulara,-25.24,130.99,41.0,41,0,1.12,clear sky,AU,2020-07-09 21:13:41,0.0,0.0
214,Dryden,49.78,-92.75,80.6,42,75,23.04,broken clouds,CA,2020-07-09 21:13:41,0.0,0.0
215,Carora,10.18,-70.08,94.41,24,0,19.42,clear sky,VE,2020-07-09 21:13:41,0.0,0.0
216,Plettenberg Bay,-34.05,23.37,57.38,81,100,8.5,overcast clouds,ZA,2020-07-09 21:13:41,0.0,0.0
217,Aripuana,-9.17,-60.63,89.01,43,0,2.33,clear sky,BR,2020-07-09 21:09:40,0.0,0.0
218,Poum,-20.23,164.02,69.44,74,21,12.57,few clouds,NC,2020-07-09 21:11:28,0.0,0.0
219,Kalmunai,7.42,81.82,79.29,83,89,4.83,overcast clouds,LK,2020-07-09 21:13:41,0.0,0.0
220,Carnarvon,-24.87,113.63,53.6,50,99,9.17,overcast clouds,AU,2020-07-09 21:13:41,0.0,0.0
221,Aykhal,66.0,111.5,57.2,71,90,11.18,overcast clouds,RU,2020-07-09 21:13:42,0.0,0.0
222,Lampa,-33.28,-70.9,60.8,48,38,6.93,scattered clouds,CL,2020-07-09 21:13:42,0.0,0.0
223,Kaitangata,-46.28,169.85,46.99,75,94,3.0,overcast clouds,NZ,2020-07-09 21:13:42,0.0,0.0
224,Cabo San Lucas,22.89,-109.91,89.01,66,40,10.29,scattered clouds,MX,2020-07-09 21:13:04,0.0,0.0
225,Alofi,-19.06,-169.92,77.0,88,75,5.82,broken clouds,NU,2020-07-09 21:13:42,0.0,0.0
226,Quatre Cocos,-20.21,57.76,72.0,78,40,14.99,scattered clouds,MU,2020-07-09 21:13:42,0.0,0.0
227,Faanui,-16.48,-151.75,76.68,79,52,25.9,broken clouds,PF,2020-07-09 21:13:42,0.0,0.0
228,Siocon,7.71,122.14,78.35,83,97,3.76,light rain,PH,2020-07-09 21:13:42,0.18,0.0
229,Narsaq,60.92,-46.05,50.0,87,100,5.82,overcast clouds,GL,2020-07-09 21:11:33,0.0,0.0
230,Mao,39.89,4.27,75.2,73,0,8.05,clear sky,ES,2020-07-09 21:13:43,0.0,0.0
231,Northam,51.03,-4.22,57.0,94,99,4.0,overcast clouds,GB,2020-07-09 21:13:43,0.0,0.0
232,Sur,22.57,59.53,90.07,51,99,13.15,overcast clouds,OM,2020-07-09 21:13:43,0.0,0.0
233,Port Hardy,50.7,-127.42,59.0,87,75,5.82,broken clouds,CA,2020-07-09 21:13:43,0.0,0.0
234,Ketchikan,55.34,-131.65,57.2,93,90,13.87,light rain,US,2020-07-09 21:10:57,0.51,0.0
235,Ust-Omchug,61.15,149.63,51.15,88,100,4.32,light rain,RU,2020-07-09 21:13:43,0.64,0.0
236,Waipawa,-41.41,175.52,46.4,81,25,3.36,scattered clouds,NZ,2020-07-09 21:13:44,0.0,0.0
237,Sao Lourenco Do Sul,-31.37,-51.98,57.2,50,40,11.41,scattered clouds,BR,2020-07-09 21:13:45,0.0,0.0
238,Farafenni,13.57,-15.6,83.7,64,100,11.95,overcast clouds,GM,2020-07-09 21:13:45,0.0,0.0
239,Nouadhibou,20.93,-17.03,77.0,65,1,18.34,sand,MR,2020-07-09 21:13:45,0.0,0.0
240,Toftir,20.93,-17.03,77.0,65,1,18.34,sand,MR,2020-07-09 21:13:45,0.0,0.0
241,Marsh Harbour,26.54,-77.06,86.49,70,100,11.5,light rain,BS,2020-07-09 21:13:46,0.25,0.0
242,Ust-Kuyga,70.02,135.6,56.59,66,71,4.0,broken clouds,RU,2020-07-09 21:13:46,0.0,0.0
243,Kumluca,36.37,30.29,84.0,49,0,5.37,clear sky,TR,2020-07-09 21:13:46,0.0,0.0
244,Tessalit,20.2,1.01,91.76,28,95,11.68,overcast clouds,ML,2020-07-09 21:13:46,0.0,0.0
245,Kisangani,0.52,25.2,73.56,89,57,2.86,light rain,CD,2020-07-09 21:13:47,0.21,0.0
246,Ginir,7.13,40.7,58.08,91,17,7.85,few clouds,ET,2020-07-09 21:13:47,0.0,0.0
247,Rocha,-34.48,-54.33,45.95,71,1,9.26,clear sky,UY,2020-07-09 21:13:47,0.0,0.0
248,Alpena,45.06,-83.43,84.2,58,20,14.99,thunderstorm,US,2020-07-09 21:11:39,0.0,0.0
249,Mount Isa,-20.73,139.5,51.8,71,2,9.82,clear sky,AU,2020-07-09 21:11:18,0.0,0.0
250,Constitucion,-35.33,-72.42,52.65,71,88,3.96,overcast clouds,CL,2020-07-09 21:13:48,0.0,0.0
251,Khandyga,62.67,135.6,64.09,60,6,3.24,clear sky,RU,2020-07-09 21:13:48,0.0,0.0
252,Laramie,41.31,-105.59,80.6,9,1,5.82,clear sky,US,2020-07-09 21:13:22,0.0,0.0
253,Sao Tome,0.34,6.73,78.8,83,75,2.24,broken clouds,ST,2020-07-09 21:13:48,0.0,0.0
254,Vardo,70.37,31.11,46.4,93,75,25.28,broken clouds,NO,2020-07-09 21:13:49,0.0,0.0
255,Mehamn,71.04,27.85,46.4,87,90,16.11,overcast clouds,NO,2020-07-09 21:13:49,0.0,0.0
256,East London,-33.02,27.91,68.7,47,7,2.77,clear sky,ZA,2020-07-09 21:13:49,0.0,0.0
257,Ancud,-41.87,-73.82,46.99,87,90,6.93,overcast clouds,CL,2020-07-09 21:12:34,0.0,0.0
258,Moura,38.14,-7.45,80.6,57,0,12.75,clear sky,PT,2020-07-09 21:13:49,0.0,0.0
259,Neiafu,-18.65,-173.98,80.6,78,75,6.93,broken clouds,TO,2020-07-09 21:13:49,0.0,0.0
260,Rosetta,31.4,30.42,78.8,83,40,8.05,scattered clouds,EG,2020-07-09 21:13:50,0.0,0.0
261,Maldonado,-34.67,-54.92,51.8,66,20,12.75,few clouds,UY,2020-07-09 21:11:14,0.0,0.0
262,Barhi,23.9,80.8,83.03,71,100,9.26,overcast clouds,IN,2020-07-09 21:13:50,0.0,0.0
263,Bambanglipuro,-7.95,110.28,74.43,86,100,5.5,overcast clouds,ID,2020-07-09 21:13:50,0.0,0.0
264,Damara,4.96,18.7,73.4,94,100,1.25,overcast clouds,CF,2020-07-09 21:13:51,0.0,0.0
265,Miandoab,36.97,46.1,77.0,38,1,13.87,clear sky,IR,2020-07-09 21:13:51,0.0,0.0
266,Rungata,36.97,46.1,77.0,38,1,13.87,clear sky,IR,2020-07-09 21:13:51,0.0,0.0
267,Urucara,-2.54,-57.76,84.85,67,97,3.38,overcast clouds,BR,2020-07-09 21:13:51,0.0,0.0
268,New Port Richey,28.24,-82.72,90.0,66,0,1.01,clear sky,US,2020-07-09 21:13:51,0.0,0.0
269,Pala,9.36,14.9,71.91,92,100,1.74,overcast clouds,TD,2020-07-09 21:13:52,0.0,0.0
270,Yanan,9.36,14.9,71.91,92,100,1.74,overcast clouds,TD,2020-07-09 21:13:52,0.0,0.0
271,Najran,17.49,44.13,95.0,11,55,9.17,broken clouds,SA,2020-07-09 21:13:52,0.0,0.0
272,Ponta Do Sol,32.67,-17.1,73.0,72,0,5.23,clear sky,PT,2020-07-09 21:13:04,0.0,0.0
273,Greeley,40.42,-104.71,95.0,26,90,18.34,overcast clouds,US,2020-07-09 21:11:31,0.0,0.0
274,Savannah Bight,16.45,-85.85,84.29,72,85,9.95,overcast clouds,HN,2020-07-09 21:13:52,0.0,0.0
275,Liminangcong,16.45,-85.85,84.29,72,85,9.95,overcast clouds,HN,2020-07-09 21:13:52,0.0,0.0
276,Parnarama,-5.68,-43.09,80.91,53,19,0.4,few clouds,BR,2020-07-09 21:13:53,0.0,0.0
277,Tiksi,71.69,128.87,35.42,91,86,9.93,overcast clouds,RU,2020-07-09 21:13:53,0.0,0.0
278,Amderma,71.69,128.87,35.42,91,86,9.93,overcast clouds,RU,2020-07-09 21:13:53,0.0,0.0
279,Menfi,37.61,12.97,72.0,84,0,5.19,clear sky,IT,2020-07-09 21:13:53,0.0,0.0
280,Aswan,24.09,32.91,89.1,23,0,10.16,clear sky,EG,2020-07-09 21:13:53,0.0,0.0
281,Ryotsu,38.08,138.43,68.0,100,100,2.24,overcast clouds,JP,2020-07-09 21:13:53,0.0,0.0
282,Bereda,43.27,-7.54,64.0,83,0,5.99,clear sky,ES,2020-07-09 21:13:54,0.0,0.0
283,Onega,63.91,38.14,51.51,92,64,6.13,broken clouds,RU,2020-07-09 21:13:54,0.0,0.0
284,Guhagar,17.48,73.19,78.93,86,100,5.12,light rain,IN,2020-07-09 21:13:54,0.38,0.0
285,Naze,28.37,129.48,82.4,94,75,9.17,broken clouds,JP,2020-07-09 21:13:54,0.0,0.0
286,Imeni Zhelyabova,58.95,36.6,52.41,93,100,4.79,overcast clouds,RU,2020-07-09 21:13:54,0.0,0.0
287,Springbok,-29.66,17.89,42.62,97,21,8.93,few clouds,ZA,2020-07-09 21:13:54,0.0,0.0
288,Wad Madani,14.4,33.52,85.82,48,54,11.1,broken clouds,SD,2020-07-09 21:09:04,0.0,0.0
289,Byron Bay,-28.65,153.62,55.99,100,75,1.12,broken clouds,AU,2020-07-09 21:13:55,0.0,0.0
290,Vagay,57.94,69.02,68.09,84,7,6.78,clear sky,RU,2020-07-09 21:13:55,0.0,0.0
291,Fort Nelson,58.81,-122.7,59.0,87,75,3.36,light intensity shower rain,CA,2020-07-09 21:13:55,0.0,0.0
292,Hami,42.8,93.45,77.43,21,73,19.33,broken clouds,CN,2020-07-09 21:13:55,0.0,0.0
293,Fairbanks,64.84,-147.72,57.2,87,90,4.7,mist,US,2020-07-09 21:09:34,0.93,0.0
294,Abu Samrah,35.3,37.18,72.18,63,0,10.18,clear sky,SY,2020-07-09 21:13:56,0.0,0.0
295,Vila Franca Do Campo,37.72,-25.43,68.0,72,20,9.17,few clouds,PT,2020-07-09 21:13:56,0.0,0.0
296,Hamilton,39.18,-84.53,91.0,54,75,5.82,broken clouds,US,2020-07-09 21:13:56,0.0,0.0
297,Thakurganj,26.45,88.13,79.29,93,100,4.47,light rain,IN,2020-07-09 21:13:56,0.34,0.0
298,Yuzhno-Yeniseyskiy,26.45,88.13,79.29,93,100,4.47,light rain,IN,2020-07-09 21:13:56,0.0,0.0
299,Georgetown,5.41,100.34,80.6,94,40,3.36,scattered clouds,MY,2020-07-09 21:13:56,0.0,0.0
300,Manicore,-5.81,-61.3,91.4,52,12,6.93,few clouds,BR,2020-07-09 21:13:24,0.0,0.0
301,Sakakah,29.97,40.21,87.8,14,0,9.17,clear sky,SA,2020-07-09 21:13:57,0.0,0.0
302,Khudumelapye,-23.88,24.75,53.91,60,0,6.55,clear sky,BW,2020-07-09 21:13:57,0.0,0.0
303,Tanshui,-23.88,24.75,53.91,60,0,6.55,clear sky,BW,2020-07-09 21:13:57,0.0,0.0
304,New Norfolk,-42.78,147.06,36.0,92,48,1.88,scattered clouds,AU,2020-07-09 21:13:57,0.0,0.0
305,Paamiut,61.99,-49.67,44.83,90,100,26.96,overcast clouds,GL,2020-07-09 21:13:57,0.0,0.0
306,Kendari,-3.94,122.5,73.02,95,100,3.11,light rain,ID,2020-07-09 21:13:58,0.51,0.0
307,Weligama,5.97,80.42,79.34,86,89,9.26,light rain,LK,2020-07-09 21:13:58,0.12,0.0
308,Iqaluit,63.75,-68.51,46.4,75,20,12.75,few clouds,CA,2020-07-09 21:13:58,0.0,0.0
309,Richards Bay,-28.78,32.04,71.62,55,0,17.6,clear sky,ZA,2020-07-09 21:13:58,0.0,0.0
310,Edd,13.93,41.69,89.1,59,69,7.65,broken clouds,ER,2020-07-09 21:13:59,0.0,0.0
311,Singaraja,-8.11,115.09,77.5,72,57,4.18,broken clouds,ID,2020-07-09 21:13:59,0.0,0.0
312,Gat,31.61,34.76,80.01,73,5,3.62,clear sky,IL,2020-07-09 21:13:59,0.0,0.0
313,Tiznit,29.58,-9.5,71.11,49,0,1.63,clear sky,MA,2020-07-09 21:11:34,0.0,0.0
314,Kununurra,-15.77,128.73,53.6,37,24,10.07,few clouds,AU,2020-07-09 21:13:59,0.0,0.0
315,Moosomin,50.13,-101.67,67.95,73,7,17.83,light rain,CA,2020-07-09 21:13:59,0.2,0.0
316,Inta,66.03,60.17,66.18,71,0,10.94,clear sky,RU,2020-07-09 21:13:59,0.0,0.0
317,Udachnyy,66.42,112.4,57.2,71,90,11.18,overcast clouds,RU,2020-07-09 21:14:00,0.0,0.0
318,Kautokeino,69.01,23.04,50.47,71,100,10.47,overcast clouds,NO,2020-07-09 21:14:00,0.0,0.0
319,Xuddur,4.12,43.89,74.55,73,74,16.49,broken clouds,SO,2020-07-09 21:14:00,0.0,0.0
320,Ngukurr,4.12,43.89,74.55,73,74,16.49,broken clouds,SO,2020-07-09 21:14:00,0.0,0.0
321,Russell,32.35,-85.2,91.4,59,20,3.36,few clouds,US,2020-07-09 21:14:00,0.0,0.0
322,Bukama,-9.2,25.85,69.39,35,0,1.9,clear sky,CD,2020-07-09 21:14:01,0.0,0.0
323,Lasa,46.62,10.7,62.6,77,5,2.24,clear sky,IT,2020-07-09 21:11:39,0.0,0.0
324,Bambous Virieux,-20.34,57.76,72.0,78,40,14.99,scattered clouds,MU,2020-07-09 21:14:01,0.0,0.0
325,Kefalos,36.75,26.96,77.0,73,0,9.17,clear sky,GR,2020-07-09 21:14:01,0.0,0.0
326,Sakaiminato,35.55,133.23,73.4,100,90,3.36,light rain,JP,2020-07-09 21:14:02,0.0,0.0
327,Jiddah,35.55,133.23,73.4,100,90,3.36,light rain,JP,2020-07-09 21:14:02,0.0,0.0
328,Labuhan,-6.88,112.21,75.07,85,68,9.04,broken clouds,ID,2020-07-09 21:14:02,0.0,0.0
329,Hambantota,6.12,81.12,80.42,80,80,14.99,broken clouds,LK,2020-07-09 21:14:02,0.0,0.0
330,Pyay,18.82,95.22,76.68,90,100,4.97,overcast clouds,MM,2020-07-09 21:14:02,0.0,0.0
331,Dolbeau,18.82,95.22,76.68,90,100,4.97,overcast clouds,MM,2020-07-09 21:14:02,0.0,0.0
332,Loubomo,-4.2,12.67,70.3,87,14,7.05,light rain,CG,2020-07-09 21:14:02,0.12,0.0
333,Tall Kayf,37.08,41.07,87.8,14,20,11.41,few clouds,TR,2020-07-09 21:14:03,0.0,0.0
334,Phrai Bung,37.08,41.07,87.8,14,20,11.41,few clouds,TR,2020-07-09 21:14:03,0.0,0.0
335,Araouane,18.9,-3.53,96.98,23,100,3.85,overcast clouds,ML,2020-07-09 21:14:03,0.0,0.0
336,Gotsu,35.0,132.22,72.88,94,100,3.44,moderate rain,JP,2020-07-09 21:14:03,1.09,0.0
337,Meulaboh,4.14,96.13,75.96,83,98,4.43,overcast clouds,ID,2020-07-09 21:14:03,0.0,0.0
338,Port-De-Paix,4.14,96.13,75.96,83,98,4.43,overcast clouds,ID,2020-07-09 21:14:03,0.0,0.0
339,Batesville,35.77,-91.64,75.2,88,20,9.17,light rain,US,2020-07-09 21:14:03,0.25,0.0
340,Torbay,47.67,-52.73,60.01,71,75,16.11,broken clouds,CA,2020-07-09 21:14:03,0.0,0.0
341,Dzilam Gonzalez,21.28,-88.93,89.01,75,1,9.06,light rain,MX,2020-07-09 21:14:04,0.8,0.0
342,Alyangula,-13.85,136.42,75.2,69,90,2.24,overcast clouds,AU,2020-07-09 21:14:04,0.0,0.0
343,Necochea,-38.55,-58.74,46.0,77,100,11.99,overcast clouds,AR,2020-07-09 21:10:36,0.0,0.0
344,Cermik,38.14,39.45,75.2,38,0,4.7,clear sky,TR,2020-07-09 21:14:04,0.0,0.0
345,Pontes E Lacerda,-15.23,-59.34,76.93,51,7,7.67,clear sky,BR,2020-07-09 21:14:04,0.0,0.0
346,Nuuk,64.18,-51.72,44.6,87,90,29.97,light rain,GL,2020-07-09 21:14:04,0.0,0.0
347,Olhao,37.03,-7.84,75.0,88,0,5.82,clear sky,PT,2020-07-09 21:14:04,0.0,0.0
348,Ribeira Grande,38.52,-28.7,71.6,64,75,4.7,broken clouds,PT,2020-07-09 21:14:04,0.0,0.0
349,Ojinaga,29.57,-104.42,105.8,16,1,5.46,clear sky,MX,2020-07-09 21:14:05,0.0,0.0
350,Yashkul,46.17,45.34,77.11,63,83,12.68,broken clouds,RU,2020-07-09 21:14:05,0.0,0.0
351,Homer,59.64,-151.55,60.8,77,90,9.17,overcast clouds,US,2020-07-09 21:10:17,0.0,0.0
352,Rohru,31.22,77.75,63.14,84,12,2.1,few clouds,IN,2020-07-09 21:14:05,0.0,0.0
353,Yerbogachen,61.28,108.01,52.84,87,52,1.86,broken clouds,RU,2020-07-09 21:14:05,0.0,0.0
354,Saryshagan,61.28,108.01,52.84,87,52,1.86,broken clouds,RU,2020-07-09 21:14:05,0.0,0.0
355,Rio Gallegos,-51.62,-69.22,30.2,80,23,6.93,few clouds,AR,2020-07-09 21:13:18,0.0,0.0
356,Aitape,-3.14,142.35,76.86,82,0,4.74,clear sky,PG,2020-07-09 21:14:05,0.0,0.0
357,Korla,41.76,86.15,91.99,54,100,0.78,overcast clouds,CN,2020-07-09 21:14:05,0.0,0.0
358,Longlac,41.76,86.15,91.99,54,100,0.78,overcast clouds,CN,2020-07-09 21:14:05,0.0,0.0
359,Ponta Delgada,37.73,-25.67,68.0,72,20,9.17,few clouds,PT,2020-07-09 21:11:42,0.0,0.0
360,Avera,33.19,-82.53,87.8,66,75,8.05,broken clouds,US,2020-07-09 21:14:06,0.0,0.0
361,Khani,41.96,42.96,69.8,94,75,4.7,broken clouds,GE,2020-07-09 21:14:06,0.0,0.0
362,Bilibino,68.05,166.44,60.94,73,93,8.1,light rain,RU,2020-07-09 21:14:06,0.69,0.0
363,Dunedin,-45.87,170.5,48.0,79,71,5.01,broken clouds,NZ,2020-07-09 21:13:14,0.0,0.0
364,Shache,38.42,77.24,71.08,28,96,3.56,overcast clouds,CN,2020-07-09 21:14:06,0.0,0.0
365,Cherskiy,68.75,161.3,54.45,86,99,5.32,overcast clouds,RU,2020-07-09 21:14:06,0.0,0.0
366,Magadan,59.57,150.8,51.84,95,100,0.98,moderate rain,RU,2020-07-09 21:14:07,1.19,0.0
367,Sambava,-14.27,50.17,68.95,82,17,13.06,light rain,MG,2020-07-09 21:14:07,0.19,0.0
368,Mweka,-4.85,21.57,78.06,44,71,0.78,broken clouds,CD,2020-07-09 21:14:07,0.0,0.0
369,Lokosovo,61.13,74.82,55.35,72,0,10.25,clear sky,RU,2020-07-09 21:14:07,0.0,0.0
370,Pevek,69.7,170.31,43.5,99,100,2.17,moderate rain,RU,2020-07-09 21:14:07,1.16,0.0
371,Dauriya,49.93,116.87,65.5,55,0,15.88,clear sky,RU,2020-07-09 21:14:07,0.0,0.0
372,Ejido Hermosillo,32.51,-114.92,107.01,12,5,5.82,clear sky,MX,2020-07-09 21:14:07,0.0,0.0
373,Butia,-30.12,-51.96,47.26,85,0,4.41,clear sky,BR,2020-07-09 21:14:08,0.0,0.0
374,Uppsala,60.0,17.75,53.6,71,79,1.12,broken clouds,SE,2020-07-09 21:14:08,0.0,0.0
375,Whitianga,-36.83,175.7,48.13,66,0,4.21,clear sky,NZ,2020-07-09 21:14:08,0.0,0.0
376,Mortka,59.33,66.02,68.56,79,0,5.48,clear sky,RU,2020-07-09 21:11:32,0.0,0.0
377,Yamethin,20.43,96.15,76.35,85,99,10.74,overcast clouds,MM,2020-07-09 21:14:08,0.0,0.0
378,Balimo,20.43,96.15,76.35,85,99,10.74,overcast clouds,MM,2020-07-09 21:14:08,0.0,0.0
379,Deer Lake,49.17,-57.43,59.0,82,90,8.05,shower rain,CA,2020-07-09 21:14:08,0.0,0.0
380,Sioux Lookout,50.1,-91.92,75.2,78,75,3.36,shower rain,CA,2020-07-09 21:14:09,0.0,0.0
381,Saint Anthony,45.02,-93.22,80.01,74,20,5.82,few clouds,US,2020-07-09 21:14:09,0.0,0.0
382,Duluth,46.78,-92.11,81.0,61,1,12.75,clear sky,US,2020-07-09 21:11:57,0.0,0.0
383,Saint-Francois,46.42,3.91,75.2,50,6,1.79,clear sky,FR,2020-07-09 21:14:09,0.0,0.0
384,Astana,51.18,71.45,68.0,77,47,6.71,scattered clouds,KZ,2020-07-09 21:14:09,0.0,0.0
385,Kusti,13.16,32.66,82.53,59,89,5.21,overcast clouds,SD,2020-07-09 21:14:09,0.0,0.0
386,Sorvag,13.16,32.66,82.53,59,89,5.21,overcast clouds,SD,2020-07-09 21:14:09,0.0,0.0
387,Helong,42.54,129.0,60.62,72,30,2.75,scattered clouds,CN,2020-07-09 21:14:10,0.0,0.0
388,Aklavik,68.22,-135.01,42.8,70,75,14.99,shower rain,CA,2020-07-09 21:14:10,0.0,0.0
389,Arlit,18.74,7.39,96.28,21,59,4.56,broken clouds,NE,2020-07-09 21:14:10,0.0,0.0
390,Oksfjord,70.24,22.35,55.4,58,100,6.93,overcast clouds,NO,2020-07-09 21:14:10,0.0,0.0
391,Pathein,16.78,94.73,78.33,88,100,4.92,overcast clouds,MM,2020-07-09 21:14:10,0.0,0.0
392,Sauteurs,12.22,-61.63,86.0,70,20,20.8,few clouds,GD,2020-07-09 21:14:10,0.0,0.0
393,Bukit Bakri,12.22,-61.63,86.0,70,20,20.8,few clouds,GD,2020-07-09 21:14:10,0.0,0.0
394,Manaia,-39.55,174.13,53.01,55,14,1.99,few clouds,NZ,2020-07-09 21:14:10,0.0,0.0
395,Dingle,11.0,122.67,76.55,88,100,2.53,overcast clouds,PH,2020-07-09 21:14:11,0.0,0.0
396,Vostok,46.49,135.88,54.86,100,100,2.48,overcast clouds,RU,2020-07-09 21:11:28,0.0,0.0
397,Lososina,49.0,140.31,55.0,95,100,6.71,overcast clouds,RU,2020-07-09 21:14:11,0.0,0.0
398,Fallon,39.47,-118.78,89.6,8,1,6.93,clear sky,US,2020-07-09 21:11:18,0.0,0.0
399,Oussouye,12.48,-16.55,84.2,79,40,6.93,scattered clouds,SN,2020-07-09 21:14:11,0.0,0.0
400,Gorin,51.2,136.67,52.83,93,92,5.32,overcast clouds,RU,2020-07-09 21:14:11,0.0,0.0
401,Kruishoutem,50.9,3.53,64.0,80,99,1.99,overcast clouds,BE,2020-07-09 21:14:11,0.0,0.0
402,Narasannapeta,18.42,84.05,81.16,84,94,6.42,light rain,IN,2020-07-09 21:14:12,0.33,0.0
403,Burnie,-41.07,145.92,51.01,92,100,3.0,overcast clouds,AU,2020-07-09 21:11:18,0.0,0.0
404,Airai,-8.93,125.41,54.25,91,92,3.87,overcast clouds,TL,2020-07-09 21:14:12,0.0,0.0
405,Grand River South East,-8.93,125.41,54.25,91,92,3.87,overcast clouds,TL,2020-07-09 21:14:12,0.0,0.0
406,Hashtrud,37.48,47.05,68.67,56,17,7.16,few clouds,IR,2020-07-09 21:14:12,0.0,0.0
407,Selma,36.57,-119.61,96.8,26,1,7.2,clear sky,US,2020-07-09 21:14:12,0.0,0.0
408,Namatanai,-3.67,152.43,80.51,77,36,6.67,light rain,PG,2020-07-09 21:14:12,0.2,0.0
409,Nizhneyansk,-3.67,152.43,80.51,77,36,6.67,light rain,PG,2020-07-09 21:14:12,0.0,0.0
410,Gorontalo,0.54,123.06,74.14,87,74,2.3,broken clouds,ID,2020-07-09 21:14:12,0.0,0.0
411,Guanare,9.04,-69.74,84.9,73,2,5.5,clear sky,VE,2020-07-09 21:14:13,0.0,0.0
412,Boende,-0.22,20.87,75.07,84,100,2.48,overcast clouds,CD,2020-07-09 21:14:13,0.0,0.0
413,Sorland,67.67,12.69,51.8,81,40,9.46,scattered clouds,NO,2020-07-09 21:14:13,0.0,0.0
414,Polewali,-3.43,119.34,75.34,83,54,3.94,broken clouds,ID,2020-07-09 21:14:13,0.0,0.0
415,Humberto De Campos,-2.6,-43.46,79.48,79,15,4.61,few clouds,BR,2020-07-09 21:14:13,0.0,0.0
416,Mount Gambier,-37.83,140.77,42.8,87,90,6.93,overcast clouds,AU,2020-07-09 21:14:14,0.0,0.0
417,Eirunepe,-6.66,-69.87,84.02,65,100,1.14,overcast clouds,BR,2020-07-09 21:13:39,0.0,0.0
418,Hays,30.05,-98.03,100.99,49,0,8.01,clear sky,US,2020-07-09 21:14:14,0.0,0.0
419,Maningrida,-12.07,134.27,67.46,91,41,9.35,scattered clouds,AU,2020-07-09 21:14:14,0.0,0.0
420,Middle Island,40.88,-72.94,84.99,62,20,8.05,few clouds,US,2020-07-09 21:14:14,0.0,0.0
421,Vreed En Hoop,40.88,-72.94,84.99,62,20,8.05,few clouds,US,2020-07-09 21:14:14,0.0,0.0
422,Vidalia,32.22,-82.41,84.2,66,40,5.82,scattered clouds,US,2020-07-09 21:14:14,0.0,0.0
423,Dongsheng,39.82,109.98,69.03,35,13,10.83,few clouds,CN,2020-07-09 21:14:15,0.0,0.0
424,Peniche,39.36,-9.38,66.99,86,5,11.01,clear sky,PT,2020-07-09 21:11:41,0.0,0.0
425,Shimoda,34.67,138.95,71.01,87,99,1.01,overcast clouds,JP,2020-07-09 21:14:15,0.0,0.0
426,Suntar,62.14,117.63,60.48,90,16,4.52,few clouds,RU,2020-07-09 21:14:15,0.0,0.0
427,Tefe,-3.35,-64.71,87.8,62,40,10.29,thunderstorm,BR,2020-07-09 21:14:15,0.0,0.0
428,Pokosnoye,55.53,101.05,57.81,97,88,5.03,overcast clouds,RU,2020-07-09 21:14:15,0.0,0.0
429,Kondoa,-4.9,35.78,59.5,92,4,5.82,clear sky,TZ,2020-07-09 21:14:15,0.0,0.0
430,Valparaiso,-33.04,-71.63,64.4,59,44,8.05,scattered clouds,CL,2020-07-09 21:11:56,0.0,0.0
431,Miles City,46.41,-105.84,78.8,29,1,3.36,clear sky,US,2020-07-09 21:12:38,0.0,0.0
432,Gizo,-8.1,156.84,82.33,77,18,12.71,few clouds,SB,2020-07-09 21:14:16,0.0,0.0
433,Okoneshnikovo,54.84,75.08,68.83,92,100,9.62,overcast clouds,RU,2020-07-09 21:14:16,0.0,0.0
434,Hay River,60.82,-115.8,64.4,77,75,8.05,broken clouds,CA,2020-07-09 21:12:15,0.0,0.0
435,Roccastrada,43.01,11.17,75.2,60,0,4.7,clear sky,IT,2020-07-09 21:14:16,0.0,0.0
436,Mayumba,-3.43,10.66,73.62,86,93,5.5,overcast clouds,GA,2020-07-09 21:14:16,0.0,0.0
437,Bien Hoa,10.95,106.82,80.6,94,40,4.7,scattered clouds,VN,2020-07-09 21:14:16,0.0,0.0
438,Sao Filipe,14.9,-24.5,75.4,85,50,10.89,scattered clouds,CV,2020-07-09 21:14:17,0.0,0.0
439,Aguimes,27.91,-15.45,73.0,73,40,29.97,scattered clouds,ES,2020-07-09 21:14:17,0.0,0.0
440,Muros,42.78,-9.06,66.0,79,9,1.99,clear sky,ES,2020-07-09 21:14:17,0.0,0.0
441,Gravelbourg,49.88,-106.55,70.59,51,68,12.59,broken clouds,CA,2020-07-09 21:14:17,0.0,0.0
442,Babu,24.42,111.52,78.12,88,100,3.85,light rain,CN,2020-07-09 21:14:17,0.69,0.0
443,La Sarre,48.8,-79.2,83.07,62,82,8.95,light rain,CA,2020-07-09 21:09:47,0.21,0.0
444,Ullapool,57.9,-5.16,52.0,86,100,3.22,light rain,GB,2020-07-09 21:14:17,0.11,0.0
445,Tecpan,14.76,-90.99,80.6,44,40,16.11,scattered clouds,GT,2020-07-09 21:14:17,0.0,0.0
446,Morondava,-20.28,44.28,72.23,67,0,9.71,clear sky,MG,2020-07-09 21:14:17,0.0,0.0
447,Kadykchan,-20.28,44.28,72.23,67,0,9.71,clear sky,MG,2020-07-09 21:14:17,0.0,0.0
448,Camopi,3.17,-52.32,78.93,94,99,2.51,moderate rain,GF,2020-07-09 21:14:18,1.18,0.0
449,Registro,-24.49,-47.84,60.39,84,22,3.29,few clouds,BR,2020-07-09 21:11:51,0.0,0.0
450,Rolla,37.95,-91.77,91.0,59,75,9.17,broken clouds,US,2020-07-09 21:14:18,0.0,0.0
451,Shakhovskaya,56.03,35.51,50.09,84,1,6.93,clear sky,RU,2020-07-09 21:14:18,0.0,0.0
452,Port-Cartier,50.03,-66.87,69.8,73,75,4.7,broken clouds,CA,2020-07-09 21:14:18,0.0,0.0
453,Domoni,-12.26,44.53,74.41,73,0,4.45,clear sky,KM,2020-07-09 21:14:19,0.0,0.0
454,Dagana,16.52,-15.51,84.7,59,13,18.99,few clouds,MR,2020-07-09 21:14:19,0.0,0.0
455,Nisia Floresta,-6.09,-35.21,80.6,74,40,11.41,scattered clouds,BR,2020-07-09 21:14:19,0.0,0.0
456,Mayya,61.73,130.28,66.2,59,40,6.71,scattered clouds,RU,2020-07-09 21:14:19,0.0,0.0
457,Rakiv Lis,51.62,24.92,56.25,91,87,6.69,overcast clouds,UA,2020-07-09 21:14:19,0.0,0.0
458,Camrose,53.02,-112.84,71.01,60,75,11.41,broken clouds,CA,2020-07-09 21:11:34,0.0,0.0
459,Bismil,37.85,40.67,77.0,57,16,1.12,few clouds,TR,2020-07-09 21:14:19,0.0,0.0
460,Los Llanos De Aridane,28.66,-17.92,79.0,78,75,17.22,broken clouds,ES,2020-07-09 21:09:43,0.0,0.0
461,Camana,-16.62,-72.71,63.64,68,3,6.46,clear sky,PE,2020-07-09 21:14:20,0.0,0.0
462,Grand-Santi,4.25,-54.38,78.85,93,82,2.46,moderate rain,GF,2020-07-09 21:14:20,1.63,0.0
463,Sangod,24.92,76.28,86.14,65,62,15.12,broken clouds,IN,2020-07-09 21:14:20,0.0,0.0
464,Huarmey,-10.07,-78.15,66.79,68,3,12.12,clear sky,PE,2020-07-09 21:14:20,0.0,0.0
465,Padilla,3.22,-76.31,87.8,48,40,6.93,scattered clouds,CO,2020-07-09 21:14:21,0.0,0.0
466,Uribia,11.71,-72.27,94.53,37,38,21.88,scattered clouds,CO,2020-07-09 21:14:21,0.0,0.0
467,Carinhanha,-14.3,-43.77,78.48,37,2,4.32,clear sky,BR,2020-07-09 21:14:21,0.0,0.0
468,Husavik,66.04,-17.34,48.2,76,75,12.75,broken clouds,IS,2020-07-09 21:14:21,0.0,0.0
469,Prado,-17.34,-39.22,72.63,81,0,5.48,clear sky,BR,2020-07-09 21:14:21,0.0,0.0
470,Genhe,50.78,121.52,59.88,69,94,2.44,overcast clouds,CN,2020-07-09 21:14:21,0.0,0.0
471,Shieli,44.17,66.75,79.14,28,94,8.1,overcast clouds,KZ,2020-07-09 21:14:21,0.0,0.0
472,Vuktyl,63.86,57.31,73.42,66,0,6.22,clear sky,RU,2020-07-09 21:14:22,0.0,0.0
473,Kirakira,-10.45,161.92,80.35,82,40,12.91,light rain,SB,2020-07-09 21:14:22,0.51,0.0
474,Pinawa,50.15,-95.88,71.76,62,46,13.02,light rain,CA,2020-07-09 21:14:22,0.21,0.0
475,Marinette,45.1,-87.63,80.6,69,1,12.75,clear sky,US,2020-07-09 21:14:22,0.0,0.0
476,San Carlos De Bariloche,-41.15,-71.31,39.2,93,90,16.11,heavy intensity rain,AR,2020-07-09 21:14:22,0.0,0.0
477,Serabu,7.8,-12.05,73.31,98,100,3.38,light rain,SL,2020-07-09 21:14:22,0.49,0.0
478,Edson,53.58,-116.44,55.4,82,90,10.29,thunderstorm with heavy rain,CA,2020-07-09 21:14:22,0.0,0.0
479,Port Hedland,-20.32,118.57,57.2,26,0,9.17,clear sky,AU,2020-07-09 21:14:22,0.0,0.0
480,Comodoro Rivadavia,-45.87,-67.5,42.8,70,40,6.93,scattered clouds,AR,2020-07-09 21:13:35,0.0,0.0
481,Vaitupu,-45.87,-67.5,42.8,70,40,6.93,scattered clouds,AR,2020-07-09 21:13:35,0.0,0.0
482,Calama,-22.47,-68.93,68.0,3,0,18.34,clear sky,CL,2020-07-09 21:14:23,0.0,0.0
483,Marawi,8.0,124.29,73.99,91,21,5.99,few clouds,PH,2020-07-09 21:14:23,0.0,0.0
484,Ixtapa,20.7,-105.2,89.01,66,75,9.17,broken clouds,MX,2020-07-09 21:12:09,0.0,0.0
485,Vilhena,-12.74,-60.15,84.2,48,40,10.29,scattered clouds,BR,2020-07-09 21:14:23,0.0,0.0
486,Port Augusta,-32.5,137.77,48.2,57,90,5.82,overcast clouds,AU,2020-07-09 21:14:23,0.0,0.0
487,Saint-Joseph,-21.37,55.62,66.2,82,20,12.75,few clouds,RE,2020-07-09 21:14:23,0.0,0.0
488,Culebra,18.3,-65.3,89.6,62,40,12.75,scattered clouds,PR,2020-07-09 21:14:23,0.0,0.0
489,Krasnoyarsk-66,18.3,-65.3,89.6,62,40,12.75,scattered clouds,PR,2020-07-09 21:14:23,0.0,0.0
490,Nishihara,26.18,127.76,82.4,88,75,16.11,broken clouds,JP,2020-07-09 21:11:31,0.0,0.0
491,Londoko,49.03,131.98,56.89,93,3,0.04,clear sky,RU,2020-07-09 21:14:24,0.0,0.0
492,Inhambane,-23.86,35.38,68.5,78,0,7.72,clear sky,MZ,2020-07-09 21:14:24,0.0,0.0
493,Seminole,28.71,-81.21,96.01,52,20,8.05,few clouds,US,2020-07-09 21:14:24,0.0,0.0
494,Urumqi,43.8,87.6,73.4,49,100,2.24,overcast clouds,CN,2020-07-09 21:14:24,0.0,0.0
495,Bonoua,5.27,-3.6,78.8,88,20,5.82,few clouds,CI,2020-07-09 21:14:24,0.0,0.0
496,Fereydunshahr,32.94,50.12,61.18,33,87,4.32,overcast clouds,IR,2020-07-09 21:14:24,0.0,0.0
497,Abalak,58.13,68.59,67.32,86,4,6.76,clear sky,RU,2020-07-09 21:14:25,0.0,0.0
498,Upington,-28.45,21.26,64.4,31,42,12.75,scattered clouds,ZA,2020-07-09 21:14:25,0.0,0.0
499,Kingsville,27.52,-97.86,95.0,56,40,20.8,scattered clouds,US,2020-07-09 21:14:25,0.0,0.0
500,Buqayq,27.52,-97.86,95.0,56,40,20.8,scattered clouds,US,2020-07-09 21:14:25,0.0,0.0
501,Waddan,29.16,16.14,80.28,56,0,19.75,clear sky,LY,2020-07-09 21:14:25,0.0,0.0
502,Lerwick,60.15,-1.15,51.8,87,25,5.82,scattered clouds,GB,2020-07-09 21:14:25,0.0,0.0
503,Sitka,57.05,-135.33,55.4,93,90,9.17,mist,US,2020-07-09 21:14:25,0.76,0.0
504,Palauig,15.44,119.9,82.33,76,96,4.92,overcast clouds,PH,2020-07-09 21:14:25,0.0,0.0
505,Nokaneng,-19.67,22.27,59.14,45,0,3.42,clear sky,BW,2020-07-09 21:14:26,0.0,0.0
506,Goya,-29.14,-59.26,53.74,69,0,5.39,clear sky,AR,2020-07-09 21:14:26,0.0,0.0
507,Oytal,42.91,73.27,70.47,37,2,4.14,clear sky,KZ,2020-07-09 21:14:26,0.0,0.0
508,Katangli,51.71,143.23,49.19,99,100,3.78,light rain,RU,2020-07-09 21:14:26,0.27,0.0
509,Manaus,-3.1,-60.02,86.0,74,40,2.24,scattered clouds,BR,2020-07-09 21:14:26,0.0,0.0
510,Marcona,-3.1,-60.02,86.0,74,40,2.24,scattered clouds,BR,2020-07-09 21:14:26,0.0,0.0
511,Grootfontein,-19.57,18.12,51.98,45,0,4.74,clear sky,NA,2020-07-09 21:14:26,0.0,0.0
512,Medea,36.26,2.75,75.2,83,40,2.24,scattered clouds,DZ,2020-07-09 21:14:27,0.0,0.0
513,Tumannyy,36.26,2.75,75.2,83,40,2.24,scattered clouds,DZ,2020-07-09 21:14:27,0.0,0.0
514,Pitogo,13.78,122.09,78.53,87,100,2.95,overcast clouds,PH,2020-07-09 21:14:27,0.0,0.0
515,Sao Joao Da Barra,-21.64,-41.05,73.4,78,0,18.34,clear sky,BR,2020-07-09 21:14:27,0.0,0.0
516,Huilong,31.81,121.66,78.01,97,72,7.07,broken clouds,CN,2020-07-09 21:14:27,0.0,0.0
517,Biak,-0.91,122.88,76.06,84,71,6.29,broken clouds,ID,2020-07-09 21:14:27,0.0,0.0
518,Acuexcomac,19.03,-98.38,78.8,26,40,4.7,scattered clouds,MX,2020-07-09 21:14:27,0.0,0.0
519,Lincoln,40.8,-96.67,86.0,48,1,10.29,light rain,US,2020-07-09 21:09:42,0.25,0.0
520,Leiyang,26.4,112.86,78.3,92,100,4.83,light rain,CN,2020-07-09 21:14:28,0.51,0.0
521,Manaure,11.78,-72.44,91.9,44,36,18.12,scattered clouds,CO,2020-07-09 21:14:28,0.0,0.0
522,Indramayu,-6.33,108.32,77.58,78,100,8.01,overcast clouds,ID,2020-07-09 21:14:28,0.0,0.0
523,Olinda,-8.01,-34.86,80.6,74,75,6.93,broken clouds,BR,2020-07-09 21:14:28,0.0,0.0
524,Uyo,5.03,7.93,74.41,93,100,6.6,light rain,NG,2020-07-09 21:14:28,0.59,0.0
525,Richard Toll,5.03,7.93,74.41,93,100,6.6,light rain,NG,2020-07-09 21:14:28,0.0,0.0
526,Chingirlau,51.09,54.08,76.03,58,0,10.04,clear sky,KZ,2020-07-09 21:14:29,0.0,0.0
527,Ola,59.58,151.28,52.43,95,100,1.28,light rain,RU,2020-07-09 21:14:29,0.51,0.0
528,Hihifo,59.58,151.28,52.43,95,100,1.28,light rain,RU,2020-07-09 21:14:29,0.0,0.0
529,Kuznechikha,57.22,42.33,53.6,93,33,3.44,scattered clouds,RU,2020-07-09 21:14:29,0.0,0.0
530,Porto Novo,6.5,2.6,77.0,94,40,6.93,scattered clouds,BJ,2020-07-09 21:14:29,0.0,0.0
531,Nantucket,41.28,-70.1,75.2,83,1,10.29,clear sky,US,2020-07-09 21:14:29,0.0,0.0
532,Alice Springs,-23.7,133.88,37.4,55,0,5.82,clear sky,AU,2020-07-09 21:14:29,0.0,0.0
533,Atherton,53.52,-2.49,55.99,86,100,1.99,overcast clouds,GB,2020-07-09 21:14:29,0.0,0.0
534,Kargat,55.2,80.28,65.5,96,100,8.1,light rain,RU,2020-07-09 21:14:30,0.25,0.0
535,Tindivanam,12.25,79.65,79.75,82,100,10.0,heavy intensity rain,IN,2020-07-09 21:14:30,4.71,0.0
536,Riyadh,24.69,46.72,91.4,15,15,6.93,few clouds,SA,2020-07-09 21:12:13,0.0,0.0
537,Nata,8.33,-80.52,84.2,70,20,6.93,few clouds,PA,2020-07-09 21:14:30,0.0,0.0
538,Luderitz,-26.65,15.16,57.2,76,0,5.82,clear sky,NA,2020-07-09 21:14:30,0.0,0.0
539,Novoanninskiy,50.53,42.67,66.99,70,4,5.99,clear sky,RU,2020-07-09 21:14:30,0.0,0.0
540,Tornio,65.85,24.15,51.8,100,100,1.12,overcast clouds,FI,2020-07-09 21:14:30,0.0,0.0
541,Svetlogorsk,52.63,29.73,53.31,77,47,2.35,scattered clouds,BY,2020-07-09 21:14:30,0.0,0.0
542,Brusque,-27.1,-48.92,62.01,78,0,1.92,clear sky,BR,2020-07-09 21:14:31,0.0,0.0
543,Viedma,-40.81,-63.0,47.55,57,100,25.19,light rain,AR,2020-07-09 21:14:31,0.13,0.0
544,Norman Wells,65.28,-126.83,62.6,63,75,6.93,broken clouds,CA,2020-07-09 21:14:31,0.0,0.0
545,San Patricio,19.22,-104.7,89.6,75,75,17.22,broken clouds,MX,2020-07-09 21:11:34,0.0,0.0
546,Leshukonskoye,64.9,45.76,63.23,96,83,6.31,broken clouds,RU,2020-07-09 21:14:31,0.0,0.0
547,Stornoway,58.21,-6.39,53.01,87,100,5.82,light rain,GB,2020-07-09 21:14:31,0.0,0.0
548,Cherbourg,49.64,-1.61,61.0,87,75,16.11,broken clouds,FR,2020-07-09 21:14:31,0.0,0.0
549,Teguldet,57.31,88.17,57.0,74,99,5.39,overcast clouds,RU,2020-07-09 21:14:31,0.0,0.0
550,Ust-Ishim,57.69,71.17,68.16,85,15,9.55,few clouds,RU,2020-07-09 21:14:32,0.0,0.0
551,Naron,43.52,-8.15,64.99,96,70,4.0,broken clouds,ES,2020-07-09 21:14:32,0.0,0.0
552,Nogliki,51.83,143.17,49.8,98,100,3.71,light rain,RU,2020-07-09 21:14:32,0.3,0.0
553,Bontang,0.13,117.5,75.52,89,99,6.44,overcast clouds,ID,2020-07-09 21:14:32,0.0,0.0
554,Skelleftea,64.75,20.95,53.6,93,100,3.36,light rain,SE,2020-07-09 21:14:32,0.3,0.0
555,Palmer,42.16,-72.33,91.99,49,75,10.29,broken clouds,US,2020-07-09 21:14:32,0.0,0.0
556,Salto,-31.38,-57.97,59.0,66,0,4.7,clear sky,UY,2020-07-09 21:14:32,0.0,0.0
557,Aksay,47.26,39.87,64.99,72,7,6.71,clear sky,RU,2020-07-09 21:14:32,0.0,0.0
558,Evensk,61.95,159.23,52.99,91,100,0.98,overcast clouds,RU,2020-07-09 21:14:33,0.0,0.0
559,Port Lincoln,-34.73,135.87,53.78,84,80,8.28,light rain,AU,2020-07-09 21:14:33,0.58,0.0
560,Chemal,51.41,86.0,55.09,78,17,3.71,few clouds,RU,2020-07-09 21:14:33,0.0,0.0
561,Koubia,11.58,-11.9,72.48,94,34,5.01,scattered clouds,GN,2020-07-09 21:14:33,0.0,0.0
562,Maarianhamina,60.1,19.93,48.2,100,5,1.12,clear sky,AX,2020-07-09 21:14:33,0.0,0.0
563,Oktyabrskoye,43.06,44.74,69.8,88,89,4.47,light rain,RU,2020-07-09 21:14:33,0.5,0.0
564,Sainte-Suzanne,-20.91,55.61,69.8,64,40,14.99,scattered clouds,RE,2020-07-09 21:14:34,0.0,0.0
565,Gulshat,-20.91,55.61,69.8,64,40,14.99,scattered clouds,RE,2020-07-09 21:14:34,0.0,0.0
566,Saryg-Sep,51.5,95.6,50.58,82,19,3.02,few clouds,RU,2020-07-09 21:14:34,0.0,0.0
567,Bassila,9.01,1.67,71.62,96,58,4.94,light rain,BJ,2020-07-09 21:14:34,0.61,0.0
568,Pahrump,36.21,-115.98,100.0,6,0,8.01,clear sky,US,2020-07-09 21:14:35,0.0,0.0
569,Tuzah,35.64,10.83,77.0,78,0,4.7,clear sky,TN,2020-07-09 21:14:35,0.0,0.0
570,Bengkulu,-3.8,102.27,75.15,88,100,4.41,overcast clouds,ID,2020-07-09 21:14:35,0.0,0.0
571,Yeppoon,-23.13,150.73,60.8,77,45,6.93,light rain,AU,2020-07-09 21:14:35,0.12,0.0
572,Babanusah,-23.13,150.73,60.8,77,45,6.93,light rain,AU,2020-07-09 21:14:35,0.0,0.0
573,Andenes,69.31,16.12,51.8,81,40,7.47,scattered clouds,NO,2020-07-09 21:11:42,0.0,0.0
574,Rio Grande,-32.03,-52.1,57.2,50,40,11.41,scattered clouds,BR,2020-07-09 21:14:35,0.0,0.0
575,Umm Kaddadah,13.6,26.69,85.24,49,96,15.46,overcast clouds,SD,2020-07-09 21:14:35,0.0,0.0
576,Jibuti,11.5,42.5,95.0,32,40,3.36,scattered clouds,DJ,2020-07-09 21:14:36,0.0,0.0
577,Dubbo,-32.25,148.62,46.4,93,90,6.93,overcast clouds,AU,2020-07-09 21:14:36,0.0,0.0
578,Talcahuano,-36.72,-73.12,53.6,93,90,12.75,light intensity drizzle,CL,2020-07-09 21:11:12,0.0,0.0
579,Brae,60.4,-1.35,51.8,87,53,5.82,broken clouds,GB,2020-07-09 21:14:36,0.0,0.0
580,Phayao,19.25,100.25,73.33,96,100,3.13,overcast clouds,TH,2020-07-09 21:10:04,0.0,0.0
581,Ormond Beach,29.29,-81.06,91.4,63,40,9.17,scattered clouds,US,2020-07-09 21:09:41,0.0,0.0
582,New Castle,41.0,-80.35,91.4,62,20,3.36,few clouds,US,2020-07-09 21:11:04,0.0,0.0
583,Buchanan,5.88,-10.05,77.0,94,75,11.1,broken clouds,LR,2020-07-09 21:14:37,0.0,0.0
584,Bodden Town,19.28,-81.25,88.0,79,40,12.75,scattered clouds,KY,2020-07-09 21:14:37,0.0,0.0
585,Malwan,19.28,-81.25,88.0,79,40,12.75,scattered clouds,KY,2020-07-09 21:14:37,0.0,0.0
586,Tombouctou,20.0,-3.0,89.67,39,68,24.07,broken clouds,ML,2020-07-09 21:14:37,0.0,0.0
587,Trincomalee,8.57,81.23,79.16,84,100,13.47,overcast clouds,LK,2020-07-09 21:14:37,0.0,0.0
588,Lata,40.16,-8.33,70.0,92,1,3.0,clear sky,PT,2020-07-09 21:11:25,0.0,0.0
589,Flin Flon,54.77,-101.86,66.2,72,75,10.29,broken clouds,CA,2020-07-09 21:14:37,0.0,0.0
590,Portobelo,9.55,-79.65,89.01,70,56,11.99,light rain,PA,2020-07-09 21:14:37,0.63,0.0
591,Srednekolymsk,67.45,153.68,62.74,71,11,4.74,few clouds,RU,2020-07-09 21:14:38,0.0,0.0
592,Visegrad,43.78,19.3,62.6,72,0,1.12,clear sky,BA,2020-07-09 21:14:38,0.0,0.0
593,Raga,8.46,25.68,69.73,90,97,2.35,overcast clouds,SS,2020-07-09 21:14:38,0.0,0.0
594,Denizli,37.84,29.07,71.6,68,0,5.82,clear sky,TR,2020-07-09 21:12:29,0.0,0.0
595,Sangmelima,2.93,11.98,67.46,98,99,2.57,light rain,CM,2020-07-09 21:14:38,0.37,0.0
596,Huntington,38.42,-82.45,97.0,39,20,0.83,few clouds,US,2020-07-09 21:13:00,0.0,0.0
597,Binzhou,37.37,118.02,73.17,71,100,2.98,overcast clouds,CN,2020-07-09 21:13:24,0.0,0.0
598,Tautira,-17.73,-149.15,80.6,65,20,6.93,few clouds,PF,2020-07-09 21:14:39,0.0,0.0
599,Karpathos,35.51,27.21,75.2,78,0,31.09,clear sky,GR,2020-07-09 21:14:39,0.0,0.0
600,Talnakh,69.49,88.4,57.2,87,11,24.61,few clouds,RU,2020-07-09 21:14:39,0.0,0.0
601,Yumen,40.28,97.2,65.57,29,0,4.52,clear sky,CN,2020-07-09 21:14:39,0.0,0.0
602,Kota Bahru,6.13,102.24,75.2,94,40,4.7,thunderstorm with light rain,MY,2020-07-09 21:14:39,0.0,0.0
603,Kuantan,3.81,103.33,73.4,94,40,6.64,thunderstorm with light rain,MY,2020-07-09 21:14:39,0.0,0.0
604,Bid,3.81,103.33,73.4,94,40,6.64,thunderstorm with light rain,MY,2020-07-09 21:14:39,0.0,0.0
605,Sechura,-5.56,-80.82,72.48,57,0,20.4,clear sky,PE,2020-07-09 21:14:39,0.0,0.0
606,Kongsvinger,60.19,12.0,54.0,59,45,0.63,scattered clouds,NO,2020-07-09 21:14:40,0.0,0.0
607,Barre,44.2,-72.5,88.0,52,20,8.05,few clouds,US,2020-07-09 21:14:40,0.0,0.0
608,Gawler,-34.6,138.73,55.0,60,100,4.0,overcast clouds,AU,2020-07-09 21:14:40,0.0,0.0
609,Okhotsk,59.38,143.3,52.52,94,100,5.35,overcast clouds,RU,2020-07-09 21:14:40,0.0,0.0
610,Sterling,39.01,-77.43,91.0,46,40,5.82,scattered clouds,US,2020-07-09 21:14:01,0.0,0.0
611,Banda Aceh,5.56,95.32,79.5,79,100,4.68,overcast clouds,ID,2020-07-09 21:14:40,0.0,0.0
612,Deputatskiy,69.3,139.9,52.52,73,32,3.31,scattered clouds,RU,2020-07-09 21:14:41,0.0,0.0
613,Ahipara,-35.17,173.17,52.52,77,73,2.55,broken clouds,NZ,2020-07-09 21:14:41,0.0,0.0
614,Warrnambool,-38.38,142.48,45.0,96,100,5.99,overcast clouds,AU,2020-07-09 21:14:41,0.0,0.0
615,Lolua,-38.38,142.48,45.0,96,100,5.99,overcast clouds,AU,2020-07-09 21:14:41,0.0,0.0
616,Baculin,7.45,126.58,78.78,75,98,3.29,overcast clouds,PH,2020-07-09 21:14:41,0.0,0.0
617,Kanniyakumari,8.08,77.57,80.28,77,100,15.43,overcast clouds,IN,2020-07-09 21:14:41,0.0,0.0
618,Lorengau,-2.02,147.27,82.6,75,99,8.68,overcast clouds,PG,2020-07-09 21:14:41,0.0,0.0
619,Charters Towers,-20.1,146.27,58.15,96,52,7.02,broken clouds,AU,2020-07-09 21:14:42,0.0,0.0
620,Almenara,-16.18,-40.69,73.89,64,40,2.71,scattered clouds,BR,2020-07-09 21:14:42,0.0,0.0
621,Phan Thiet,10.93,108.1,76.71,90,100,3.24,overcast clouds,VN,2020-07-09 21:14:42,0.0,0.0
622,Papara,-3.98,-38.73,80.6,74,75,6.93,broken clouds,BR,2020-07-09 21:14:42,0.0,0.0
